-- MySQL dump 10.13  Distrib 5.7.27, for Linux (x86_64)
--
-- Host: 185.35.187.91    Database: dev_emf
-- ------------------------------------------------------
-- Server version	5.7.27-0ubuntu0.16.04.1

/*!40101 SET @OLD_CHARACTER_SET_CLIENT=@@CHARACTER_SET_CLIENT */;
/*!40101 SET @OLD_CHARACTER_SET_RESULTS=@@CHARACTER_SET_RESULTS */;
/*!40101 SET @OLD_COLLATION_CONNECTION=@@COLLATION_CONNECTION */;
/*!40101 SET NAMES utf8 */;
/*!40103 SET @OLD_TIME_ZONE=@@TIME_ZONE */;
/*!40103 SET TIME_ZONE='+00:00' */;
/*!40014 SET @OLD_UNIQUE_CHECKS=@@UNIQUE_CHECKS, UNIQUE_CHECKS=0 */;
/*!40014 SET @OLD_FOREIGN_KEY_CHECKS=@@FOREIGN_KEY_CHECKS, FOREIGN_KEY_CHECKS=0 */;
/*!40101 SET @OLD_SQL_MODE=@@SQL_MODE, SQL_MODE='NO_AUTO_VALUE_ON_ZERO' */;
/*!40111 SET @OLD_SQL_NOTES=@@SQL_NOTES, SQL_NOTES=0 */;

--
-- Table structure for table `dm_article`
--

DROP TABLE IF EXISTS `dm_article`;
/*!40101 SET @saved_cs_client     = @@character_set_client */;
/*!40101 SET character_set_client = utf8 */;
CREATE TABLE `dm_article` (
  `id` int(11) NOT NULL AUTO_INCREMENT,
  `status` int(11) NOT NULL DEFAULT '0',
  `version` int(11) NOT NULL DEFAULT '0',
  `author` int(11) NOT NULL DEFAULT '0',
  `editors` varchar(255) NOT NULL DEFAULT '',
  `title` varchar(255) NOT NULL DEFAULT '',
  `summary` text NOT NULL,
  `body` text NOT NULL,
  `languages` json DEFAULT NULL,
  `related_articles` json DEFAULT NULL,
  `published` int(11) NOT NULL DEFAULT '0',
  `modified` int(11) NOT NULL DEFAULT '0',
  `cuid` varchar(30) NOT NULL DEFAULT '',
  PRIMARY KEY (`id`)
) ENGINE=InnoDB AUTO_INCREMENT=89 DEFAULT CHARSET=utf8;
/*!40101 SET character_set_client = @saved_cs_client */;

--
-- Dumping data for table `dm_article`
--

LOCK TABLES `dm_article` WRITE;
/*!40000 ALTER TABLE `dm_article` DISABLE KEYS */;
INSERT INTO `dm_article` VALUES (2,0,1,0,'','Welcome','','',NULL,NULL,0,0,'bisdku5i6ekklfcg6sf0'),(3,1,1,1,'','','','',NULL,NULL,0,0,''),(4,1,1,1,'','','','',NULL,NULL,0,231213,''),(5,1,1,1,'','','','',NULL,NULL,0,0,''),(6,0,1,0,'','','','',NULL,NULL,0,0,'5555555'),(7,0,1,1,'','','','',NULL,NULL,1555160703,1555160703,''),(8,0,1,1,'','','','',NULL,NULL,1555160780,1555160780,''),(9,0,1,1,'','','','',NULL,NULL,1555163008,1555163008,''),(10,0,1,1,'','','','',NULL,NULL,1555167726,1555167726,''),(11,0,1,1,'','','','',NULL,NULL,1555172650,1555172650,''),(12,0,1,1,'','','','',NULL,NULL,1555172678,1555172678,''),(13,0,1,0,'','','','',NULL,NULL,0,0,'bis7ehti6ekh9l3ahps0'),(14,0,1,0,'','','','',NULL,NULL,0,0,'bisdi55i6ekkgnv0v0mg'),(15,0,1,0,'','Welcome','','test2019-04-21 21:11:36.811602 +0200 CEST m=+0.295915534',NULL,NULL,111111,12313,'biuc2dti6ekjbfn7atk0'),(16,0,1,0,'','','','',NULL,NULL,0,5555555,''),(17,0,1,0,'','','','',NULL,NULL,1555876380,1555876380,'biuck75i6ekkfim1fpa0'),(25,0,1,0,'','Test 22.04.2019 11:56','','Hello',NULL,NULL,1555927010,1555927010,'biuovoli6eko05jjm38g'),(26,0,1,0,'','Test 22.04.2019 12:04','','Hello',NULL,NULL,1555927488,1555927488,'biup3g5i6eko66e9n4mg'),(30,0,1,0,'','Test 22.04.2019 14:11','','Hello',NULL,NULL,1555935086,1555935086,'biuqurli6ekgrts6st2g'),(35,0,1,0,'','This is nice news','','Hello world!',NULL,NULL,1555938869,1555938869,'biursda23akqmj2f50jg'),(50,0,1,0,'','This is a test blog','','This is a test blog',NULL,NULL,1556720283,1556720283,''),(57,0,0,0,'','Test 06.05.2019 22:08','','Hello',NULL,NULL,1557173294,1557173294,'bj898bli6ekkbc0ev3r0'),(58,0,1,0,'','Test 06.05.2019 22:10','','Hello',NULL,NULL,1557173408,1557173408,'bj89985i6ekkd91idh20'),(59,0,1,0,'','fsfsdf','','fdsfsdf',NULL,NULL,1557176905,1557176905,'bj8a4idi6ekm3tpr83mg'),(60,0,1,0,'','fdsfsdf fdasf asdf dfas df','','dfafa',NULL,NULL,1557176948,1557176948,'bj8a4t5i6ekm3tpr83ng'),(61,0,30,0,'','Good morning22332','updated3','Hello world...',NULL,NULL,1557177071,1558253146,'bj8a5rq23akpc5md8b40'),(62,0,2,0,'','Hello world this is nice','','sfdsfs fdsdf sf',NULL,NULL,1557177300,1557265524,'bj8a7l223akpbf5d21hg'),(63,0,1,0,'','This is created from mobile2','','djdbdnjw',NULL,NULL,1557215179,1557215179,'bj8jfiq23akpbf5d21jg'),(64,0,1,0,'','Hello world','','Hello',NULL,NULL,1557255481,1557255481,'bj8taedi6ekho48vv03g'),(65,0,1,0,'','Hello1','fdsfsfsdfs','fdsfsdf',NULL,NULL,1557256280,1557256280,'bj8tgm5i6ekhqn9nkl20'),(67,0,1,0,'','dfsfdsfsfdsf','fdsfsdfsf','weeweweewew',NULL,NULL,1557431429,1557431429,'bja891a23akm7ac6nebg'),(69,0,3,0,'','Test1','d','',NULL,NULL,1557605538,1557680202,'bjbip8li6eku0s4238mg'),(70,0,26,0,'','Good morning2233','updated3','Hello world...',NULL,NULL,1557177071,1560942857,'bj8a5rq23akpc5md8b46'),(73,0,1,0,'','Test1','test2','',NULL,NULL,1560274280,1560274280,'bjvuaq5i6ekg92bhpbtg'),(75,0,1,0,'','eeee','fff','',NULL,NULL,1560274650,1560274650,'bjvudmli6ekgbp6a2dl0'),(76,0,1,0,'','GGGG','GGG','G',NULL,NULL,1560274879,1560274879,'bjvuffti6ekgevqi8fdg'),(77,0,0,0,'','','','',NULL,NULL,0,0,''),(78,0,0,0,'','','','',NULL,NULL,0,0,''),(79,0,0,0,'','','','',NULL,NULL,0,0,''),(80,0,0,0,'','','','',NULL,NULL,0,0,''),(81,0,0,0,'','','','',NULL,NULL,0,0,''),(82,0,0,0,'','','','',NULL,NULL,0,0,''),(83,0,0,0,'','','','',NULL,NULL,0,0,''),(84,0,0,0,'','','','',NULL,NULL,0,0,''),(85,0,0,0,'','','','',NULL,NULL,0,0,''),(87,0,1,0,'','Hello world','sdfsf','dsf',NULL,NULL,1560806805,1560806805,'bk40b5a23akkmq0e3l10'),(88,0,5,0,'','Online editor example','<!DOCTYPE html>\r\n<html>\r\n<head>\r\n</head>\r\n<body>\r\n<p>fdasfasff</p>\r\n<p>\\fadf</p>\r\n<p>as</p>\r\n<p>fdasdf</p>\r\n</body>\r\n</html>','<!DOCTYPE html>\r\n<html>\r\n<head>\r\n</head>\r\n<body>\r\n<p>Image:</p>\r\n<p>&nbsp;</p>\r\n<p><img src=\"https://images.pexels.com/photos/414612/pexels-photo-414612.jpeg?auto=compress&amp;cs=tinysrgb&amp;dpr=1&amp;w=500\" alt=\"\" width=\"500\" height=\"355\" /></p>\r\n<ul>\r\n<li>sfads</li>\r\n<li>fa</li>\r\n<li>ffadd</li>\r\n<li>afd</li>\r\n</ul>\r\n<p><a href=\"https://www.google.com\" target=\"_blank\" rel=\"noopener\">google.com</a></p>\r\n<p><span style=\"color: #e67e23;\">fdsafaf</span></p>\r\n<p>Video:</p>\r\n<p><iframe src=\"//www.youtube.com/embed/5Rui4xG5Nr0\" width=\"560\" height=\"315\" frameborder=\"0\" allowfullscreen=\"allowfullscreen\"></iframe></p>\r\n<p>&nbsp;</p>\r\n<p>f<span style=\"background-color: #18a085;\">adsf</span></p>\r\n<p>&nbsp;</p>\r\n<p>Table:</p>\r\n<table style=\"border-collapse: collapse; width: 100%; height: 71px;\" border=\"1\">\r\n<tbody>\r\n<tr style=\"height: 29px;\">\r\n<td style=\"width: 20%; height: 29px;\">HEAD1</td>\r\n<td style=\"width: 20%; height: 29px;\">HEAD2</td>\r\n<td style=\"width: 20%; height: 29px;\">HEAD3</td>\r\n</tr>\r\n<tr style=\"height: 21px;\">\r\n<td style=\"width: 20%; height: 21px;\">ddd</td>\r\n<td style=\"width: 20%; height: 21px;\">ddeff</td>\r\n<td style=\"width: 20%; height: 21px;\">sdfddsf</td>\r\n</tr>\r\n<tr style=\"height: 21px;\">\r\n<td style=\"width: 20%; height: 21px;\">2312313</td>\r\n<td style=\"width: 20%; height: 21px;\">131232131</td>\r\n<td style=\"width: 20%; height: 21px;\">132123</td>\r\n</tr>\r\n</tbody>\r\n</table>\r\n<p>&nbsp;</p>\r\n</body>\r\n</html>',NULL,NULL,1562084715,1562101363,'bkdoaqroo3sk76i4crrg');
/*!40000 ALTER TABLE `dm_article` ENABLE KEYS */;
UNLOCK TABLES;

--
-- Table structure for table `dm_draft`
--

DROP TABLE IF EXISTS `dm_draft`;
/*!40101 SET @saved_cs_client     = @@character_set_client */;
/*!40101 SET character_set_client = utf8 */;
CREATE TABLE `dm_draft` (
  `id` int(11) NOT NULL AUTO_INCREMENT,
  `author` int(11) NOT NULL,
  `parent_location_id` int(11) NOT NULL DEFAULT '0',
  `operation` varchar(150) NOT NULL,
  `time` datetime DEFAULT NULL,
  `data` text NOT NULL,
  PRIMARY KEY (`id`)
) ENGINE=InnoDB DEFAULT CHARSET=utf8;
/*!40101 SET character_set_client = @saved_cs_client */;

--
-- Dumping data for table `dm_draft`
--

LOCK TABLES `dm_draft` WRITE;
/*!40000 ALTER TABLE `dm_draft` DISABLE KEYS */;
/*!40000 ALTER TABLE `dm_draft` ENABLE KEYS */;
UNLOCK TABLES;

--
-- Table structure for table `dm_folder`
--

DROP TABLE IF EXISTS `dm_folder`;
/*!40101 SET @saved_cs_client     = @@character_set_client */;
/*!40101 SET character_set_client = utf8 */;
CREATE TABLE `dm_folder` (
  `id` int(11) NOT NULL AUTO_INCREMENT,
  `folder_type` varchar(30) NOT NULL DEFAULT '',
  `title` varchar(255) NOT NULL DEFAULT '',
  `summary` text NOT NULL,
  `published` int(11) NOT NULL DEFAULT '0',
  `modified` int(11) NOT NULL DEFAULT '0',
  `cuid` varchar(30) NOT NULL DEFAULT '',
  `version` int(11) NOT NULL DEFAULT '0',
  PRIMARY KEY (`id`)
) ENGINE=InnoDB AUTO_INCREMENT=46 DEFAULT CHARSET=utf8;
/*!40101 SET character_set_client = @saved_cs_client */;

--
-- Dumping data for table `dm_folder`
--

LOCK TABLES `dm_folder` WRITE;
/*!40000 ALTER TABLE `dm_folder` DISABLE KEYS */;
INSERT INTO `dm_folder` VALUES (1,'home','Home','',0,0,'',0),(2,'','Blog','',0,0,'',0),(3,'','News','',0,0,'',0),(5,'users','Users','',0,0,'',0),(6,'','Share Content','',0,0,'master-50',0),(12,'media','Media','',1556718902,1556718902,'',0),(16,'image','Images','',1556741569,1556741569,'bj4vrga23akuvlesh6s0',0),(17,'site','Demosite','',1556742887,1556742887,'bj505pq23akuvlesh6t0',0),(18,'image','Images','',1556742897,1556742897,'bj505sa23akuvlesh6u0',0),(19,'','News','',1556742925,1556742925,'bj5063a23akuvlesh6v0',0),(20,'','Blogs','',1556742936,1556742936,'bj5066223akuvlesh700',0),(21,'','Contact us','',1556743366,1556743366,'bj509hi23akvcebdgsu0',0),(22,'file','Files','',1556782176,1556782176,'bj59oo223akvs4dus2ig',0),(23,'','Files','',1556794466,1556794466,'bj5cooi23akrab66rdog',0),(28,'','Test 06.05.2019 22:51','Hello',1557175910,1557175910,'bj89spli6eklgs798gp0',0),(29,'','Test 06.05.2019 22:53','Hello',1557175991,1557175991,'bj89tdti6eklhr9t4b0g',0),(34,'link','Links','',1557435613,1557435613,'bja99na23akmu55sapk0',0),(35,'','trip 2019','',1557528484,1557528484,'bjavv9223akpf4dq2b70',0),(36,'user','Editors','',1558458775,1558458775,'bji335ti6ekhs8gpkckg',0),(37,'user','Anonymous users','',1558458802,1558458802,'bji33cli6ekhs8gpkclg',0),(38,'user','Administrator','',1558458830,1558458830,'bji33jli6ekhs8gpkcmg',0),(39,'user','Site editors','',1558458876,1558458876,'bji33v5i6ekhs8gpkcng',0),(40,'','Company Name','',1558530284,1559596211,'bjikhr223akh5tr4qlb0',0),(41,'','Engineering','',1558530296,1558530296,'bjikhu223akh5tr4qlc0',0),(42,'user','Members','',1559596389,1559596389,'bjqoqpa23akh5tr4qld0',0),(43,'user','Partners','',1559596548,1559596548,'bjqos1223akh5tr4qle0',0),(44,'','Editors on Demosite','',1559598203,1559598203,'bjqp8uq23akh5tr4qlf0',0),(45,'','fff','ddd',1560274933,1560274933,'bjvuftdi6ekgevqi8feg',0);
/*!40000 ALTER TABLE `dm_folder` ENABLE KEYS */;
UNLOCK TABLES;

--
-- Table structure for table `dm_image`
--

DROP TABLE IF EXISTS `dm_image`;
/*!40101 SET @saved_cs_client     = @@character_set_client */;
/*!40101 SET character_set_client = utf8 */;
CREATE TABLE `dm_image` (
  `id` int(11) NOT NULL AUTO_INCREMENT,
  `author` int(11) NOT NULL DEFAULT '0',
  `imagetype` varchar(30) NOT NULL DEFAULT '',
  `title` varchar(255) NOT NULL DEFAULT '',
  `path` varchar(255) NOT NULL DEFAULT '',
  `published` int(11) NOT NULL DEFAULT '0',
  `modified` int(11) NOT NULL DEFAULT '0',
  `parent_id` int(11) NOT NULL DEFAULT '0',
  `cuid` varchar(30) NOT NULL DEFAULT '',
  `version` int(11) NOT NULL DEFAULT '0',
  PRIMARY KEY (`id`)
) ENGINE=InnoDB AUTO_INCREMENT=26 DEFAULT CHARSET=utf8;
/*!40101 SET character_set_client = @saved_cs_client */;

--
-- Dumping data for table `dm_image`
--

LOCK TABLES `dm_image` WRITE;
/*!40000 ALTER TABLE `dm_image` DISABLE KEYS */;
INSERT INTO `dm_image` VALUES (2,0,'imgcloud','ddd','1/xesfddsfsdiioll.jpg',0,0,56,'',0),(3,0,'','test1','1/2/test2.jpg',0,0,54,'',0),(4,0,'','test2','1/dsfsdfsq.jpg',0,0,56,'',0),(5,0,'','test3','1/dsfsdfsq.jpg',0,0,56,'',0),(6,0,'','test4','1/dsfsdfsq.jpg',0,0,56,'',0),(7,0,'','test5','1/dsfsdfsq.jpg',0,0,56,'',0),(8,0,'','test6','1/dsfsdfsq.jpg',0,0,56,'',0),(9,0,'','test7','1/dsfsdfsq.jpg',0,0,56,'',0),(10,0,'','Cloud country','12/34/clouds-country-daylight-371633.jpg',1557349822,1557349822,56,'bj9kbfli6ekgup56bp10',0),(11,0,'','Test 12','1/dsfsdfsq.jpg',1557350860,1557350860,56,'bj9kjj223aks9h68oe90',0),(17,0,'','ffff22222222','dddd33333333',1557523317,1557523317,56,'bjaumtdi6ekif299s020',0),(18,0,'','fdsfsfs','eeee',1557523615,1557523615,56,'bjaup7ti6ekigfc75nlg',0),(19,0,'','Test 10.05.2019 23:42','Hello',1557524564,1557524564,0,'bjav0l5i6ekij08v9nu0',0),(20,0,'','dddd','eeee',1557524816,1557524816,56,'bjav2k5i6ekinrruko6g',0),(21,0,'','11111','2222',1557525638,1557525638,56,'bjav91i23akp1l1ec7k0',0),(22,0,'','Test 11.05.2019 18:40','Hello',1557592857,1557592857,4,'bjbfm6di6ekpveibdhm0',0),(23,0,'','dddd','eeeee.jpg',1557593045,1557593045,56,'bjbfnla23akgmmlrf780',0),(24,0,'','Test 11.05.2019 18:55','Hello',1557593701,1557593701,4,'bjbfspdi6ekqf2nmamng',0),(25,0,'','Test 11.05.2019 19:00','Hello',1557594030,1557594030,4,'bjbfvbli6ekqo53c2sbg',0);
/*!40000 ALTER TABLE `dm_image` ENABLE KEYS */;
UNLOCK TABLES;

--
-- Table structure for table `dm_location`
--

DROP TABLE IF EXISTS `dm_location`;
/*!40101 SET @saved_cs_client     = @@character_set_client */;
/*!40101 SET character_set_client = utf8 */;
CREATE TABLE `dm_location` (
  `id` int(11) NOT NULL AUTO_INCREMENT,
  `parent_id` int(11) NOT NULL DEFAULT '-1',
  `main_id` int(11) NOT NULL,
  `hierarchy` varchar(255) NOT NULL DEFAULT '',
  `depth` int(11) NOT NULL DEFAULT '0',
  `identifier_path` varchar(255) NOT NULL DEFAULT '',
  `content_type` varchar(50) NOT NULL DEFAULT '',
  `content_id` int(11) NOT NULL,
  `language` varchar(20) NOT NULL DEFAULT '',
  `author` int(11) NOT NULL DEFAULT '0',
  `name` varchar(50) NOT NULL DEFAULT '',
  `is_hidden` tinyint(1) NOT NULL DEFAULT '0',
  `is_invisible` tinyint(1) NOT NULL DEFAULT '0',
  `priority` int(11) NOT NULL DEFAULT '0',
  `uid` varchar(50) NOT NULL DEFAULT '',
  `scope` varchar(30) NOT NULL DEFAULT '',
  `section` varchar(50) NOT NULL DEFAULT '',
  `p` varchar(30) NOT NULL DEFAULT 'c',
  PRIMARY KEY (`id`)
) ENGINE=InnoDB AUTO_INCREMENT=119 DEFAULT CHARSET=utf8;
/*!40101 SET character_set_client = @saved_cs_client */;

--
-- Dumping data for table `dm_location`
--

LOCK TABLES `dm_location` WRITE;
/*!40000 ALTER TABLE `dm_location` DISABLE KEYS */;
INSERT INTO `dm_location` VALUES (1,0,1,'1',1,'home','folder',1,'eng-gb',0,'Home',0,0,0,'bj8a5rq53akpc5md8b45','','public','c'),(3,1,3,'1/3',2,'','folder',2,'eng-gb',0,'Blog',0,0,0,'','','blog','c'),(4,1,4,'1/4',2,'home/news','folder',3,'eng-gb',0,'News',0,0,0,'','','public','recent'),(6,4,6,'1/4/6',0,'','article',2,'eng-gb',0,'EM EMF is released',0,0,0,'','','public','c'),(7,0,7,'7',1,'','folder',5,'eng-gb',0,'Users',0,0,0,'','','public','c'),(8,7,8,'7/8',0,'','user',1,'eng-gb',0,'Chen Xiongjie',0,0,0,'','','public','c'),(11,-1,11,'',0,'','folder',0,'eng-gb',0,'Test folder',0,0,0,'','','public','c'),(12,-1,12,'',0,'','folder',0,'eng-gb',0,'Test folder',0,0,0,'','','public','c'),(14,1,0,'',0,'','',0,'',0,'',0,0,0,'','','public',''),(15,1,0,'',0,'','',0,'',0,'',0,0,0,'biottj5i6ekipupsp7b0','','public',''),(16,1,0,'',0,'','',0,'',0,'',0,0,0,'biouf05i6ekj5fs07k20','','public',''),(17,1,0,'',0,'','',0,'',0,'',0,0,0,'biovjrli6ekjf1sm1n6g','','public',''),(18,1,0,'',0,'','',0,'',0,'',0,0,0,'bip0qali6ekk630i8slg','','public',''),(19,-1,0,'',0,'','article',0,'',0,'',0,0,0,'bip0qhli6ekk6rst2630','','public',''),(20,4,0,'',0,'','article',0,'',0,'',0,0,0,'biuck75i6ekkfim1fpag','','public',''),(28,4,0,'',0,'','article',0,'',0,'',0,0,0,'biuovoli6eko05jjm390','','public',''),(39,4,0,'',0,'','article',35,'',0,'This is nice news',0,0,0,'biursda23akqmj2f50k0','','public',''),(48,0,0,'48',1,'','folder',12,'',0,'Media',0,0,0,'bj4qadi23akjgtfqkbgg','','public',''),(49,3,0,'1/3/49',2,'','article',50,'',0,'This is a test blog',0,0,0,'bj4ql6q23aks3f0ancbg','','blog',''),(54,48,0,'',0,'','folder',16,'',0,'Images',0,0,0,'bj4vrga23akuvlesh6sg','','public',''),(55,1,0,'1/55',2,'','folder',17,'',0,'Demosite1',0,0,-10,'bj505pq23akuvlesh6tg','','public',''),(56,55,0,'1/55/56',3,'','folder',18,'',0,'Images',0,0,-20,'bj505sa23akuvlesh6ug','','asset',''),(57,55,0,'1/55/57',3,'news','folder',19,'',0,'News',0,0,0,'bj5063a23akuvlesh6vg','','public',''),(58,55,0,'1/55/58',3,'','folder',20,'',0,'Blogs',0,0,0,'bj5066223akuvlesh70g','','public',''),(59,55,0,'1/55/59',3,'','folder',21,'',0,'Contact us',0,0,0,'bj509hi23akvcebdgsug','','public',''),(61,55,0,'1/55/61',3,'','folder',22,'',0,'Files',0,0,-10,'bj59oo223akvs4dus2j0','','asset',''),(62,48,0,'',0,'','folder',23,'',0,'Files',0,0,0,'bj5cooi23akrab66rdp0','','public',''),(66,4,66,'',0,'','article',57,'',0,'Test 06.05.2019 22:08',0,0,0,'bj898bli6ekkbc0ev3rg','','public',''),(67,4,67,'',0,'','article',58,'',0,'Test 06.05.2019 22:10',0,0,0,'bj89985i6ekkd91idh2g','','public',''),(70,4,70,'1/4/70',3,'home/news/test-06-05-2019-22-51','folder',28,'',0,'Test 06.05.2019 22:51',0,0,0,'bj89spti6eklgs798gpg','','public',''),(71,4,71,'1/4/71',3,'home/news/test-06-05-2019-22-53','folder',29,'',0,'Test 06.05.2019 22:53',0,0,0,'bj89te5i6eklhr9t4b10','','public',''),(74,4,74,'1/4/74',3,'home/news/fsfsdf','article',59,'',0,'fsfsdf',0,0,0,'bj8a4idi6ekm3tpr83n0','','public',''),(75,4,75,'1/4/75',3,'home/news/fdsfsdf-fdasf-asdf-dfas-df','article',60,'',0,'fdsfsdf fdasf asdf dfas df',0,0,0,'bj8a4t5i6ekm3tpr83o0','','public',''),(76,1,76,'1/76',0,'','article',61,'',0,'Good morning22332',0,0,0,'bj8a5rq23akpc5md8b4g','','public',''),(77,1,77,'1/77',0,'','article',62,'',0,'Hello world this is nice',0,0,0,'bj8a7l223akpbf5d21i0','','public',''),(79,4,79,'1/4/79',0,'home/news/this-is-created-from-mobile2','article',63,'',0,'This is created from mobile2',0,0,0,'bj8jfiq23akpbf5d21k0','','public',''),(80,1,80,'1/80',0,'/hello-world','article',64,'',0,'Hello world',0,0,0,'bj8taedi6ekho48vv040','','public',''),(81,1,81,'1/81',0,'/hello1','article',65,'',0,'Hello1',0,0,0,'bj8tgm5i6ekhqn9nkl2g','','public',''),(84,4,84,'1/4/84',0,'home/news/dfsfdsfsfdsf','article',67,'',0,'dfsfdsfsfdsf',0,0,0,'bja891a23akm7ac6nec0','','public',''),(85,55,85,'1/55/85',3,'/links','folder',34,'',0,'Links',0,0,-5,'bja99na23akmu55sapkg','','public',''),(87,56,87,'1/55/56/87',4,'/trip-2019','folder',35,'',0,'trip 2019',0,0,0,'bjavv9223akpf4dq2b7g','','public',''),(88,1,88,'1/88',0,'','article',69,'',0,'Test1',0,0,0,'bjbip8li6eku0s4238n0','','public',''),(89,1,76,'',0,'','article',70,'',0,'Good morning2233',0,0,0,'bj8a5rq23akpc5md8b41','','public',''),(90,91,90,'7/91/90',3,'/editors','folder',36,'',0,'Editors',0,0,0,'bji335ti6ekhs8gpkcl0','','public',''),(91,7,91,'7/91',2,'/anonymous-users','folder',37,'',0,'Anonymous users',0,0,-10,'bji33cli6ekhs8gpkcm0','','public',''),(92,7,92,'7/92',2,'/administrator','folder',38,'',0,'Administrator',0,0,20,'bji33jli6ekhs8gpkcn0','','public',''),(93,91,93,'7/91/93',3,'/site-editors','folder',39,'',0,'Site editors',0,0,0,'bji33v5i6ekhs8gpkco0','','public',''),(94,90,94,'7/90/94',3,'/editors/chen-xiongjie','user',5,'',0,'Chen Xiongjie',0,0,0,'bji36sdi6ekhtt8mb0a0','','public',''),(95,92,95,'7/92/95',3,'/administrator/administrator-admin','user',6,'',0,'Administrator Admin',0,0,0,'bji3c4li6eki6j86g63g','','public',''),(96,91,96,'7/91/96',3,'/anonymous-users/anonymous-user','user',7,'',0,'Anonymous User',0,0,0,'bji3ci5i6eki6j86g64g','','public',''),(97,7,97,'7/97',2,'','folder',40,'',0,'Company Name',0,0,-20,'bjikhr223akh5tr4qlbg','','public',''),(98,97,98,'7/97/98',3,'/digimaker/engineering','folder',41,'',0,'Engineering',0,0,0,'bjikhu223akh5tr4qlcg','','public',''),(99,91,99,'7/91/99',3,'/anonymous-users/members','folder',42,'',0,'Members',0,0,0,'bjqoqpa23akh5tr4qldg','','public',''),(100,91,100,'7/91/100',3,'/anonymous-users/partners','folder',43,'',0,'Partners',0,0,0,'bjqos1223akh5tr4qleg','','public',''),(101,90,101,'7/91/90/101',4,'/editors/editors-on-demosite','folder',44,'',0,'Editors on Demosite',0,0,0,'bjqp8uq23akh5tr4qlfg','','public',''),(102,1,102,'1/102',0,'/','user',8,'',0,' ',0,0,0,'bju17ji23akh5tr4qlgg','','public',''),(105,1,105,'1/105',0,'/test1','article',73,'',0,'Test1',0,0,0,'bjvuaq5i6ekg92bhpbu0','','',''),(107,4,107,'1/4/107',0,'home/news/eeee','article',75,'',0,'eeee',0,0,0,'bjvudmli6ekgbp6a2dlg','','public',''),(108,4,108,'1/4/108',3,'home/news/gggg','article',76,'',0,'GGGG',0,0,0,'bjvuffti6ekgevqi8fe0','','public',''),(109,4,109,'1/4/109',3,'home/news/fff','folder',45,'',0,'fff',0,0,0,'bjvuftdi6ekgevqi8ff0','','public',''),(113,7,113,'7/113',2,'/anonymous','usergroup',3,'',0,'Anonymous',0,0,0,'bk2n00q23akm6g07uvc0','','public',''),(114,113,114,'7/113/114',3,'/anonymous/editor','usergroup',4,'',0,'Editor',0,0,0,'bk2n03q23akm6g07uvd0','','public',''),(116,57,116,'1/55/57/116',4,'news/hello-world','article',87,'',0,'Hello world',0,0,0,'bk40b5a23akkmq0e3l1g','','public',''),(118,57,118,'1/55/57/118',4,'news/online-editor-example','article',88,'',0,'Online editor example',0,0,0,'bkdoaqroo3sk76i4crs0','','public','');
/*!40000 ALTER TABLE `dm_location` ENABLE KEYS */;
UNLOCK TABLES;

--
-- Table structure for table `dm_log_operation`
--

DROP TABLE IF EXISTS `dm_log_operation`;
/*!40101 SET @saved_cs_client     = @@character_set_client */;
/*!40101 SET character_set_client = utf8 */;
CREATE TABLE `dm_log_operation` (
  `id` int(11) NOT NULL AUTO_INCREMENT,
  `user` int(11) NOT NULL DEFAULT '0',
  `category` varchar(50) NOT NULL DEFAULT '',
  `operation` varchar(255) NOT NULL DEFAULT '',
  `created` int(11) NOT NULL DEFAULT '0',
  PRIMARY KEY (`id`)
) ENGINE=InnoDB AUTO_INCREMENT=2 DEFAULT CHARSET=utf8;
/*!40101 SET character_set_client = @saved_cs_client */;

--
-- Dumping data for table `dm_log_operation`
--

LOCK TABLES `dm_log_operation` WRITE;
/*!40000 ALTER TABLE `dm_log_operation` DISABLE KEYS */;
INSERT INTO `dm_log_operation` VALUES (1,1,'article','Create',123123112);
/*!40000 ALTER TABLE `dm_log_operation` ENABLE KEYS */;
UNLOCK TABLES;

--
-- Table structure for table `dm_relation`
--

DROP TABLE IF EXISTS `dm_relation`;
/*!40101 SET @saved_cs_client     = @@character_set_client */;
/*!40101 SET character_set_client = utf8 */;
CREATE TABLE `dm_relation` (
  `id` int(11) NOT NULL AUTO_INCREMENT,
  `to_content_id` int(11) NOT NULL DEFAULT '0',
  `to_type` varchar(50) NOT NULL DEFAULT '',
  `from_content_id` int(11) NOT NULL DEFAULT '0',
  `from_type` varchar(30) NOT NULL DEFAULT '',
  `from_location` int(11) NOT NULL DEFAULT '0',
  `priority` int(11) NOT NULL DEFAULT '0',
  `identifier` varchar(50) NOT NULL DEFAULT '',
  `description` varchar(255) NOT NULL DEFAULT '',
  `data` text NOT NULL,
  `uid` varchar(30) NOT NULL DEFAULT '',
  PRIMARY KEY (`id`)
) ENGINE=InnoDB AUTO_INCREMENT=27 DEFAULT CHARSET=utf8;
/*!40101 SET character_set_client = @saved_cs_client */;

--
-- Dumping data for table `dm_relation`
--

LOCK TABLES `dm_relation` WRITE;
/*!40000 ALTER TABLE `dm_relation` DISABLE KEYS */;
INSERT INTO `dm_relation` VALUES (1,10,'article',5,'',0,1,'cover_image','Profile picture','web/images/22x/3ee22/ddxexxxxx.png',''),(8,2,'article',0,'',77,10,'related_articles','f','Hello world this is nice',''),(10,2,'article',0,'',76,0,'related_articles','Test2019-04-25 22:08:24.937221 +0200 CEST m=+0.077377383','Good morning22332',''),(19,0,'',0,'',0,0,'','Test1','',''),(21,0,'',0,'',0,0,'','Test2','',''),(22,0,'',0,'',0,0,'','Test2','',''),(26,0,'',0,'',0,0,'','Test2','','');
/*!40000 ALTER TABLE `dm_relation` ENABLE KEYS */;
UNLOCK TABLES;

--
-- Table structure for table `dm_user`
--

DROP TABLE IF EXISTS `dm_user`;
/*!40101 SET @saved_cs_client     = @@character_set_client */;
/*!40101 SET character_set_client = utf8 */;
CREATE TABLE `dm_user` (
  `id` int(11) NOT NULL AUTO_INCREMENT,
  `login` varchar(50) DEFAULT NULL,
  `firstname` varchar(50) NOT NULL,
  `lastname` varchar(50) DEFAULT NULL,
  `password` varchar(50) DEFAULT NULL,
  `mobile` varchar(50) DEFAULT NULL,
  `published` int(11) NOT NULL DEFAULT '0',
  `modified` int(11) NOT NULL DEFAULT '0',
  `version` int(11) NOT NULL DEFAULT '0',
  `cuid` varchar(30) NOT NULL DEFAULT '',
  PRIMARY KEY (`id`)
) ENGINE=InnoDB AUTO_INCREMENT=9 DEFAULT CHARSET=utf8;
/*!40101 SET character_set_client = @saved_cs_client */;

--
-- Dumping data for table `dm_user`
--

LOCK TABLES `dm_user` WRITE;
/*!40000 ALTER TABLE `dm_user` DISABLE KEYS */;
INSERT INTO `dm_user` VALUES (5,'chen','Chen','Xiongjie','',NULL,1558459249,1558459249,1,'bji36sdi6ekhtt8mb09g'),(6,'admin','Administrator','Admin','',NULL,1558459922,1558459922,1,'bji3c4li6eki6j86g630'),(7,'anonymous','Anonymous','User','',NULL,1558459976,1558459976,1,'bji3ci5i6eki6j86g640'),(8,'','','','',NULL,1560024014,1560024014,1,'bju17ji23akh5tr4qlg0');
/*!40000 ALTER TABLE `dm_user` ENABLE KEYS */;
UNLOCK TABLES;

--
-- Table structure for table `dm_user_usergroup`
--

DROP TABLE IF EXISTS `dm_user_usergroup`;
/*!40101 SET @saved_cs_client     = @@character_set_client */;
/*!40101 SET character_set_client = utf8 */;
CREATE TABLE `dm_user_usergroup` (
  `id` int(11) NOT NULL AUTO_INCREMENT,
  `user_id` int(11) NOT NULL,
  `usergroup_id` int(11) NOT NULL,
  PRIMARY KEY (`id`)
) ENGINE=InnoDB AUTO_INCREMENT=4 DEFAULT CHARSET=utf8;
/*!40101 SET character_set_client = @saved_cs_client */;

--
-- Dumping data for table `dm_user_usergroup`
--

LOCK TABLES `dm_user_usergroup` WRITE;
/*!40000 ALTER TABLE `dm_user_usergroup` DISABLE KEYS */;
INSERT INTO `dm_user_usergroup` VALUES (1,7,91),(2,90,2),(3,90,3);
/*!40000 ALTER TABLE `dm_user_usergroup` ENABLE KEYS */;
UNLOCK TABLES;

--
-- Table structure for table `dm_usergroup`
--

DROP TABLE IF EXISTS `dm_usergroup`;
/*!40101 SET @saved_cs_client     = @@character_set_client */;
/*!40101 SET character_set_client = utf8 */;
CREATE TABLE `dm_usergroup` (
  `id` int(11) NOT NULL AUTO_INCREMENT,
  `title` varchar(255) NOT NULL DEFAULT '',
  `summary` text NOT NULL,
  `published` int(11) NOT NULL DEFAULT '0',
  `modified` int(11) NOT NULL DEFAULT '0',
  `cuid` varchar(30) NOT NULL DEFAULT '',
  `version` int(11) NOT NULL DEFAULT '0',
  PRIMARY KEY (`id`)
) ENGINE=InnoDB AUTO_INCREMENT=5 DEFAULT CHARSET=utf8;
/*!40101 SET character_set_client = @saved_cs_client */;

--
-- Dumping data for table `dm_usergroup`
--

LOCK TABLES `dm_usergroup` WRITE;
/*!40000 ALTER TABLE `dm_usergroup` DISABLE KEYS */;
INSERT INTO `dm_usergroup` VALUES (3,'Anonymous','',1560637443,1560637443,'bk2n00q23akm6g07uvbg',0),(4,'Editor','',1560637455,1560637455,'bk2n03q23akm6g07uvcg',0);
/*!40000 ALTER TABLE `dm_usergroup` ENABLE KEYS */;
UNLOCK TABLES;

--
-- Table structure for table `dm_usergroup_policy`
--

DROP TABLE IF EXISTS `dm_usergroup_policy`;
/*!40101 SET @saved_cs_client     = @@character_set_client */;
/*!40101 SET character_set_client = utf8 */;
CREATE TABLE `dm_usergroup_policy` (
  `id` int(11) NOT NULL AUTO_INCREMENT,
  `usergroup_id` int(11) NOT NULL,
  `policy` varchar(100) NOT NULL DEFAULT '',
  `under` varchar(30) NOT NULL DEFAULT '',
  `scope` varchar(50) NOT NULL DEFAULT '',
  PRIMARY KEY (`id`)
) ENGINE=InnoDB AUTO_INCREMENT=4 DEFAULT CHARSET=utf8;
/*!40101 SET character_set_client = @saved_cs_client */;

--
-- Dumping data for table `dm_usergroup_policy`
--

LOCK TABLES `dm_usergroup_policy` WRITE;
/*!40000 ALTER TABLE `dm_usergroup_policy` DISABLE KEYS */;
INSERT INTO `dm_usergroup_policy` VALUES (1,91,'read','',''),(2,90,'editing','','demosite'),(3,90,'organize','','demosite');
/*!40000 ALTER TABLE `dm_usergroup_policy` ENABLE KEYS */;
UNLOCK TABLES;

--
-- Table structure for table `dm_version`
--

DROP TABLE IF EXISTS `dm_version`;
/*!40101 SET @saved_cs_client     = @@character_set_client */;
/*!40101 SET character_set_client = utf8 */;
CREATE TABLE `dm_version` (
  `id` int(11) NOT NULL AUTO_INCREMENT,
  `content_type` varchar(50) NOT NULL,
  `content_id` int(11) NOT NULL,
  `version` int(11) NOT NULL,
  `status` tinyint(4) NOT NULL DEFAULT '0',
  `author` int(11) NOT NULL DEFAULT '0',
  `data` longtext NOT NULL,
  `location_id` int(11) NOT NULL DEFAULT '0',
  `created` int(11) NOT NULL,
  PRIMARY KEY (`id`)
) ENGINE=InnoDB AUTO_INCREMENT=90 DEFAULT CHARSET=utf8;
/*!40101 SET character_set_client = @saved_cs_client */;

--
-- Dumping data for table `dm_version`
--

LOCK TABLES `dm_version` WRITE;
/*!40000 ALTER TABLE `dm_version` DISABLE KEYS */;
INSERT INTO `dm_version` VALUES (1,'article',1,1,0,0,'',0,0),(3,'article',2,1,0,0,'{\"cid\":2,\"version\":1,\"published\":0,\"modified\":0,\"cuid\":\"bisdku5i6ekklfcg6sf0\",\"relations\":{\"Value\":{\"related_articles\":[{\"data\":\"37 {This is created from mobile \\u003cnil\\u003e}\",\"description\":\"\",\"from_location\":42,\"identifier\":\"related_articles\",\"to_type\":\"article\"},{\"data\":\"37 {This is created from mobile \\u003cnil\\u003e}\",\"description\":\"\",\"from_location\":42,\"identifier\":\"related_articles\",\"to_type\":\"article\"},{\"data\":\"\",\"description\":\"Test2019-04-25 22:08:24.937221 +0200 CEST m=+0.077377383\",\"from_location\":37,\"identifier\":\"related_articles\",\"to_type\":\"article\"},{\"data\":\"\",\"description\":\"f\",\"from_location\":37,\"identifier\":\"related_articles\",\"to_type\":\"article\"},{\"data\":\"37 {This is created from mobile \\u003cnil\\u003e}\",\"description\":\"2019-04-27 12:34:40.415358 +0200 CEST m=+0.079602793\",\"from_location\":42,\"identifier\":\"related_articles\",\"to_type\":\"article\"},{\"data\":\"37 {This is created from mobile \\u003cnil\\u003e}\",\"description\":\"2019-04-27 12:36:29.588874 +0200 CEST m=+0.075406532\",\"from_location\":42,\"identifier\":\"related_articles\",\"to_type\":\"article\"}]}},\"body\":{\"Data\":\"\"},\"editors\":{\"Data\":\"\"},\"summary\":{\"Data\":\"\"},\"title\":{\"Data\":\"Welcome\"},\"id\":6,\"parent_id\":4,\"main_id\":6,\"hierarchy\":\"1/4/6\",\"content_type\":\"article\",\"content_id\":2,\"language\":\"eng-gb\",\"author\":0,\"name\":\"EM EMF is released\",\"is_hidden\":false,\"is_invisible\":false,\"priority\":0,\"uid\":\"\",\"section\":\"content\",\"p\":\"c\"}',0,0),(4,'article',55,1,0,0,'{\"cid\":55,\"version\":0,\"published\":1557172919,\"modified\":1557172919,\"cuid\":\"bj895dti6ekk7e1dq6tg\",\"relations\":{\"Value\":null},\"body\":{\"Data\":\"Hello\"},\"editors\":{\"Data\":\"\"},\"summary\":{\"Data\":\"\"},\"title\":{\"Data\":\"Test 06.05.2019 22:01\"},\"id\":0,\"parent_id\":0,\"main_id\":0,\"hierarchy\":\"\",\"content_type\":\"\",\"content_id\":0,\"language\":\"\",\"author\":0,\"name\":\"\",\"is_hidden\":false,\"is_invisible\":false,\"priority\":0,\"uid\":\"\",\"section\":\"\",\"p\":\"\"}',0,0),(5,'article',56,1,0,0,'{\"cid\":56,\"version\":1,\"published\":1557173186,\"modified\":1557173186,\"cuid\":\"bj897gli6ekka4dq8rcg\",\"relations\":{\"Value\":null},\"body\":{\"Data\":\"Hello\"},\"editors\":{\"Data\":\"\"},\"summary\":{\"Data\":\"\"},\"title\":{\"Data\":\"Test 06.05.2019 22:06\"},\"id\":0,\"parent_id\":0,\"main_id\":0,\"hierarchy\":\"\",\"content_type\":\"\",\"content_id\":0,\"language\":\"\",\"author\":0,\"name\":\"\",\"is_hidden\":false,\"is_invisible\":false,\"priority\":0,\"uid\":\"\",\"section\":\"\",\"p\":\"\"}',0,0),(6,'article',57,1,0,0,'{\"cid\":57,\"version\":1,\"published\":1557173294,\"modified\":1557173294,\"cuid\":\"bj898bli6ekkbc0ev3r0\",\"relations\":{\"Value\":null},\"body\":{\"Data\":\"Hello\"},\"editors\":{\"Data\":\"\"},\"summary\":{\"Data\":\"\"},\"title\":{\"Data\":\"Test 06.05.2019 22:08\"},\"id\":0,\"parent_id\":0,\"main_id\":0,\"hierarchy\":\"\",\"content_type\":\"\",\"content_id\":0,\"language\":\"\",\"author\":0,\"name\":\"\",\"is_hidden\":false,\"is_invisible\":false,\"priority\":0,\"uid\":\"\",\"section\":\"\",\"p\":\"\"}',0,0),(7,'article',58,1,0,0,'{\"cid\":58,\"version\":1,\"published\":1557173408,\"modified\":1557173408,\"cuid\":\"bj89985i6ekkd91idh20\",\"relations\":{\"Value\":null},\"body\":{\"Data\":\"Hello\"},\"editors\":{\"Data\":\"\"},\"summary\":{\"Data\":\"\"},\"title\":{\"Data\":\"Test 06.05.2019 22:10\"},\"id\":0,\"parent_id\":0,\"main_id\":0,\"hierarchy\":\"\",\"content_type\":\"\",\"content_id\":0,\"language\":\"\",\"author\":0,\"name\":\"\",\"is_hidden\":false,\"is_invisible\":false,\"priority\":0,\"uid\":\"\",\"section\":\"\",\"p\":\"\"}',0,0),(8,'article',59,1,0,0,'{\"cid\":59,\"version\":1,\"published\":1557176905,\"modified\":1557176905,\"cuid\":\"bj8a4idi6ekm3tpr83mg\",\"relations\":{\"Value\":null},\"body\":{\"Data\":\"fdsfsdf\"},\"editors\":{\"Data\":\"\"},\"summary\":{\"Data\":\"\"},\"title\":{\"Data\":\"fsfsdf\"},\"id\":0,\"parent_id\":0,\"main_id\":0,\"identifier_path\":\"\",\"hierarchy\":\"\",\"content_type\":\"\",\"content_id\":0,\"language\":\"\",\"author\":0,\"name\":\"\",\"is_hidden\":false,\"is_invisible\":false,\"priority\":0,\"uid\":\"\",\"section\":\"\",\"p\":\"\"}',0,0),(9,'article',60,1,0,0,'{\"cid\":60,\"version\":1,\"published\":1557176948,\"modified\":1557176948,\"cuid\":\"bj8a4t5i6ekm3tpr83ng\",\"relations\":{\"Value\":null},\"body\":{\"Data\":\"dfafa\"},\"editors\":{\"Data\":\"\"},\"summary\":{\"Data\":\"\"},\"title\":{\"Data\":\"fdsfsdf fdasf asdf dfas df\"},\"id\":0,\"parent_id\":0,\"main_id\":0,\"identifier_path\":\"\",\"hierarchy\":\"\",\"content_type\":\"\",\"content_id\":0,\"language\":\"\",\"author\":0,\"name\":\"\",\"is_hidden\":false,\"is_invisible\":false,\"priority\":0,\"uid\":\"\",\"section\":\"\",\"p\":\"\"}',0,0),(10,'article',61,1,0,0,'{\"cid\":61,\"version\":1,\"published\":1557177071,\"modified\":1557177071,\"cuid\":\"bj8a5rq23akpc5md8b40\",\"relations\":{\"Value\":null},\"body\":{\"Data\":\"Hello world...\"},\"editors\":{\"Data\":\"\"},\"summary\":{\"Data\":\"\"},\"title\":{\"Data\":\"Good morning\"},\"id\":0,\"parent_id\":0,\"main_id\":0,\"identifier_path\":\"\",\"hierarchy\":\"\",\"content_type\":\"\",\"content_id\":0,\"language\":\"\",\"author\":0,\"name\":\"\",\"is_hidden\":false,\"is_invisible\":false,\"priority\":0,\"uid\":\"\",\"section\":\"\",\"p\":\"\"}',0,0),(11,'article',62,1,0,0,'{\"cid\":62,\"version\":1,\"published\":1557177300,\"modified\":1557177300,\"cuid\":\"bj8a7l223akpbf5d21hg\",\"relations\":{\"Value\":null},\"body\":{\"Data\":\"sfdsfs fdsdf sf\"},\"editors\":{\"Data\":\"\"},\"summary\":{\"Data\":\"\"},\"title\":{\"Data\":\"Hello world this is \"},\"id\":0,\"parent_id\":0,\"main_id\":0,\"identifier_path\":\"\",\"hierarchy\":\"\",\"content_type\":\"\",\"content_id\":0,\"language\":\"\",\"author\":0,\"name\":\"\",\"is_hidden\":false,\"is_invisible\":false,\"priority\":0,\"uid\":\"\",\"section\":\"\",\"p\":\"\"}',0,0),(12,'article',63,1,0,0,'{\"cid\":63,\"version\":1,\"published\":1557215179,\"modified\":1557215179,\"cuid\":\"bj8jfiq23akpbf5d21jg\",\"relations\":{\"Value\":null},\"body\":{\"Data\":\"djdbdnjw\"},\"editors\":{\"Data\":\"\"},\"summary\":{\"Data\":\"\"},\"title\":{\"Data\":\"This is created from mobile2\"},\"id\":0,\"parent_id\":0,\"main_id\":0,\"identifier_path\":\"\",\"hierarchy\":\"\",\"content_type\":\"\",\"content_id\":0,\"language\":\"\",\"author\":0,\"name\":\"\",\"is_hidden\":false,\"is_invisible\":false,\"priority\":0,\"uid\":\"\",\"section\":\"\",\"p\":\"\"}',0,0),(13,'article',64,1,0,0,'{\"cid\":64,\"version\":1,\"published\":1557255481,\"modified\":1557255481,\"cuid\":\"bj8taedi6ekho48vv03g\",\"relations\":{\"Value\":null},\"body\":{\"Data\":\"Hello\"},\"editors\":{\"Data\":\"\"},\"summary\":{\"Data\":\"\"},\"title\":{\"Data\":\"Hello world\"},\"id\":0,\"parent_id\":0,\"main_id\":0,\"identifier_path\":\"\",\"hierarchy\":\"\",\"content_type\":\"\",\"content_id\":0,\"language\":\"\",\"author\":0,\"name\":\"\",\"is_hidden\":false,\"is_invisible\":false,\"priority\":0,\"uid\":\"\",\"section\":\"\",\"p\":\"\"}',0,0),(14,'article',65,1,0,0,'{\"cid\":65,\"version\":1,\"published\":1557256280,\"modified\":1557256280,\"cuid\":\"bj8tgm5i6ekhqn9nkl20\",\"relations\":{\"Value\":null},\"body\":{\"Data\":\"fdsfsdf\"},\"editors\":{\"Data\":\"\"},\"summary\":{\"Data\":\"fdsfsfsdfs\"},\"title\":{\"Data\":\"Hello1\"},\"id\":0,\"parent_id\":0,\"main_id\":0,\"identifier_path\":\"\",\"hierarchy\":\"\",\"content_type\":\"\",\"content_id\":0,\"language\":\"\",\"author\":0,\"name\":\"\",\"is_hidden\":false,\"is_invisible\":false,\"priority\":0,\"uid\":\"\",\"section\":\"\",\"p\":\"\"}',0,0),(15,'article',66,1,0,0,'{\"cid\":66,\"version\":1,\"published\":1557256679,\"modified\":1557256679,\"cuid\":\"bj8tjpti6ekhseu2bum0\",\"relations\":{\"Value\":null},\"body\":{\"Data\":\"fdasfsa\\r\\nfs\\r\\ndafadsf\"},\"editors\":{\"Data\":\"\"},\"summary\":{\"Data\":\"dfsfsf\\r\\nsfafasdf\\r\\n\"},\"title\":{\"Data\":\"Hello 2\"},\"id\":0,\"parent_id\":0,\"main_id\":0,\"identifier_path\":\"\",\"hierarchy\":\"\",\"content_type\":\"\",\"content_id\":0,\"language\":\"\",\"author\":0,\"name\":\"\",\"is_hidden\":false,\"is_invisible\":false,\"priority\":0,\"uid\":\"\",\"section\":\"\",\"p\":\"\"}',0,0),(17,'article',61,2,0,0,'{\"cid\":61,\"version\":1,\"published\":1557177071,\"modified\":1557177071,\"cuid\":\"bj8a5rq23akpc5md8b40\",\"relations\":{\"Value\":{}},\"body\":{\"Data\":\"Hello world...\"},\"editors\":{\"Data\":\"\"},\"summary\":{\"Data\":\"updated\"},\"title\":{\"Data\":\"Good morning\"},\"id\":76,\"parent_id\":1,\"main_id\":76,\"identifier_path\":\"\",\"hierarchy\":\"1/76\",\"content_type\":\"article\",\"content_id\":61,\"language\":\"\",\"author\":0,\"name\":\"Good morning\",\"is_hidden\":false,\"is_invisible\":false,\"priority\":0,\"uid\":\"bj8a5rq23akpc5md8b4g\",\"section\":\"\",\"p\":\"\"}',0,0),(18,'article',61,3,0,0,'{\"cid\":61,\"version\":2,\"published\":1557177071,\"modified\":1557177071,\"cuid\":\"bj8a5rq23akpc5md8b40\",\"relations\":{\"Value\":{}},\"body\":{\"Data\":\"Hello world...\"},\"editors\":{\"Data\":\"\"},\"summary\":{\"Data\":\"updated\"},\"title\":{\"Data\":\"Good morning\"},\"id\":76,\"parent_id\":1,\"main_id\":76,\"identifier_path\":\"\",\"hierarchy\":\"1/76\",\"content_type\":\"article\",\"content_id\":61,\"language\":\"\",\"author\":0,\"name\":\"Good morning\",\"is_hidden\":false,\"is_invisible\":false,\"priority\":0,\"uid\":\"bj8a5rq23akpc5md8b4g\",\"section\":\"\",\"p\":\"\"}',0,0),(19,'article',61,4,0,0,'{\"cid\":61,\"version\":3,\"published\":1557177071,\"modified\":1557177071,\"cuid\":\"bj8a5rq23akpc5md8b40\",\"relations\":{\"Value\":{}},\"body\":{\"Data\":\"Hello world...\"},\"editors\":{\"Data\":\"\"},\"summary\":{\"Data\":\"updated\"},\"title\":{\"Data\":\"Good morning\"},\"id\":76,\"parent_id\":1,\"main_id\":76,\"identifier_path\":\"\",\"hierarchy\":\"1/76\",\"content_type\":\"article\",\"content_id\":61,\"language\":\"\",\"author\":0,\"name\":\"Good morning\",\"is_hidden\":false,\"is_invisible\":false,\"priority\":0,\"uid\":\"bj8a5rq23akpc5md8b4g\",\"section\":\"\",\"p\":\"\"}',0,0),(20,'article',61,5,0,0,'{\"cid\":61,\"version\":4,\"published\":1557177071,\"modified\":1557177071,\"cuid\":\"bj8a5rq23akpc5md8b40\",\"relations\":{\"Value\":{}},\"body\":{\"Data\":\"Hello world...\"},\"editors\":{\"Data\":\"\"},\"summary\":{\"Data\":\"updated\"},\"title\":{\"Data\":\"Good morning\"},\"id\":76,\"parent_id\":1,\"main_id\":76,\"identifier_path\":\"\",\"hierarchy\":\"1/76\",\"content_type\":\"article\",\"content_id\":61,\"language\":\"\",\"author\":0,\"name\":\"Good morning\",\"is_hidden\":false,\"is_invisible\":false,\"priority\":0,\"uid\":\"bj8a5rq23akpc5md8b4g\",\"section\":\"\",\"p\":\"\"}',0,0),(21,'article',61,6,0,0,'{\"cid\":61,\"version\":5,\"published\":1557177071,\"modified\":1557177071,\"cuid\":\"bj8a5rq23akpc5md8b40\",\"relations\":{\"Value\":{}},\"body\":{\"Data\":\"Hello world...\"},\"editors\":{\"Data\":\"\"},\"summary\":{\"Data\":\"updated\"},\"title\":{\"Data\":\"Good morning\"},\"id\":76,\"parent_id\":1,\"main_id\":76,\"identifier_path\":\"\",\"hierarchy\":\"1/76\",\"content_type\":\"article\",\"content_id\":61,\"language\":\"\",\"author\":0,\"name\":\"Good morning\",\"is_hidden\":false,\"is_invisible\":false,\"priority\":0,\"uid\":\"bj8a5rq23akpc5md8b4g\",\"section\":\"\",\"p\":\"\"}',0,0),(22,'article',61,7,0,0,'{\"cid\":61,\"version\":6,\"published\":1557177071,\"modified\":1557177071,\"cuid\":\"bj8a5rq23akpc5md8b40\",\"relations\":{\"Value\":{}},\"body\":{\"Data\":\"Hello world...\"},\"editors\":{\"Data\":\"\"},\"summary\":{\"Data\":\"updated\"},\"title\":{\"Data\":\"Good morning\"},\"id\":76,\"parent_id\":1,\"main_id\":76,\"identifier_path\":\"\",\"hierarchy\":\"1/76\",\"content_type\":\"article\",\"content_id\":61,\"language\":\"\",\"author\":0,\"name\":\"Good morning\",\"is_hidden\":false,\"is_invisible\":false,\"priority\":0,\"uid\":\"bj8a5rq23akpc5md8b4g\",\"section\":\"\",\"p\":\"\"}',0,0),(23,'article',61,8,0,0,'{\"cid\":61,\"version\":7,\"published\":1557177071,\"modified\":1557177071,\"cuid\":\"bj8a5rq23akpc5md8b40\",\"relations\":{\"Value\":{}},\"body\":{\"Data\":\"Hello world...\"},\"editors\":{\"Data\":\"\"},\"summary\":{\"Data\":\"updated\"},\"title\":{\"Data\":\"Good morning\"},\"id\":76,\"parent_id\":1,\"main_id\":76,\"identifier_path\":\"\",\"hierarchy\":\"1/76\",\"content_type\":\"article\",\"content_id\":61,\"language\":\"\",\"author\":0,\"name\":\"Good morning\",\"is_hidden\":false,\"is_invisible\":false,\"priority\":0,\"uid\":\"bj8a5rq23akpc5md8b4g\",\"section\":\"\",\"p\":\"\"}',0,0),(24,'article',39,2,0,0,'{\"cid\":39,\"version\":1,\"published\":1556010895,\"modified\":1556010895,\"cuid\":\"bivdf3q23akl47h33nj0\",\"relations\":{\"Value\":{}},\"body\":{\"Data\":\"This is the body text\"},\"editors\":{\"Data\":\"\"},\"summary\":{\"Data\":\"fff\"},\"title\":{\"Data\":\"Test1\"},\"id\":46,\"parent_id\":4,\"main_id\":0,\"identifier_path\":\"\",\"hierarchy\":\"\",\"content_type\":\"article\",\"content_id\":39,\"language\":\"\",\"author\":0,\"name\":\"Test\",\"is_hidden\":false,\"is_invisible\":false,\"priority\":0,\"uid\":\"bivdf3q23akl47h33njg\",\"section\":\"\",\"p\":\"\"}',0,0),(25,'article',61,9,0,0,'{\"cid\":61,\"version\":8,\"published\":1557177071,\"modified\":1557177071,\"cuid\":\"bj8a5rq23akpc5md8b40\",\"relations\":{\"Value\":{}},\"body\":{\"Data\":\"Hello world...\"},\"editors\":{\"Data\":\"\"},\"summary\":{\"Data\":\"updated\"},\"title\":{\"Data\":\"Good morning\"},\"id\":76,\"parent_id\":1,\"main_id\":76,\"identifier_path\":\"\",\"hierarchy\":\"1/76\",\"content_type\":\"article\",\"content_id\":61,\"language\":\"\",\"author\":0,\"name\":\"Good morning\",\"is_hidden\":false,\"is_invisible\":false,\"priority\":0,\"uid\":\"bj8a5rq23akpc5md8b4g\",\"section\":\"\",\"p\":\"\"}',0,0),(29,'article',61,10,0,0,'{\"cid\":61,\"version\":9,\"published\":1557177071,\"modified\":1557177071,\"cuid\":\"bj8a5rq23akpc5md8b40\",\"relations\":{\"Value\":{}},\"body\":{\"Data\":\"Hello world...\"},\"editors\":{\"Data\":\"\"},\"summary\":{\"Data\":\"updated\"},\"title\":{\"Data\":\"Good morning\"},\"id\":76,\"parent_id\":1,\"main_id\":76,\"identifier_path\":\"\",\"hierarchy\":\"1/76\",\"content_type\":\"article\",\"content_id\":61,\"language\":\"\",\"author\":0,\"name\":\"Good morning\",\"is_hidden\":false,\"is_invisible\":false,\"priority\":0,\"uid\":\"bj8a5rq23akpc5md8b4g\",\"section\":\"\",\"p\":\"\"}',0,0),(30,'article',61,11,0,0,'{\"cid\":61,\"version\":10,\"published\":1557177071,\"modified\":1557177071,\"cuid\":\"bj8a5rq23akpc5md8b40\",\"relations\":{\"Value\":{}},\"body\":{\"Data\":\"Hello world...\"},\"editors\":{\"Data\":\"\"},\"summary\":{\"Data\":\"updated\"},\"title\":{\"Data\":\"Good morning\"},\"id\":76,\"parent_id\":1,\"main_id\":76,\"identifier_path\":\"\",\"hierarchy\":\"1/76\",\"content_type\":\"article\",\"content_id\":61,\"language\":\"\",\"author\":0,\"name\":\"Good morning\",\"is_hidden\":false,\"is_invisible\":false,\"priority\":0,\"uid\":\"bj8a5rq23akpc5md8b4g\",\"section\":\"\",\"p\":\"\"}',0,0),(31,'article',61,12,0,0,'{\"cid\":61,\"version\":11,\"published\":1557177071,\"modified\":1557177071,\"cuid\":\"bj8a5rq23akpc5md8b40\",\"relations\":{\"Value\":{}},\"body\":{\"Data\":\"Hello world...\"},\"editors\":{\"Data\":\"\"},\"summary\":{\"Data\":\"updated\"},\"title\":{\"Data\":\"Good morning\"},\"id\":76,\"parent_id\":1,\"main_id\":76,\"identifier_path\":\"\",\"hierarchy\":\"1/76\",\"content_type\":\"article\",\"content_id\":61,\"language\":\"\",\"author\":0,\"name\":\"Good morning\",\"is_hidden\":false,\"is_invisible\":false,\"priority\":0,\"uid\":\"bj8a5rq23akpc5md8b4g\",\"section\":\"\",\"p\":\"\"}',0,0),(32,'article',39,3,0,0,'{\"cid\":39,\"version\":2,\"published\":1556010895,\"modified\":1556010895,\"cuid\":\"bivdf3q23akl47h33nj0\",\"relations\":{\"Value\":{}},\"body\":{\"Data\":\"This is the body text\"},\"editors\":{\"Data\":\"\"},\"summary\":{\"Data\":\"fff\"},\"title\":{\"Data\":\"Test12\"},\"id\":46,\"parent_id\":4,\"main_id\":0,\"identifier_path\":\"\",\"hierarchy\":\"\",\"content_type\":\"article\",\"content_id\":39,\"language\":\"\",\"author\":0,\"name\":\"Test\",\"is_hidden\":false,\"is_invisible\":false,\"priority\":0,\"uid\":\"bivdf3q23akl47h33njg\",\"section\":\"\",\"p\":\"\"}',0,0),(33,'article',61,13,0,0,'{\"cid\":61,\"version\":12,\"published\":1557177071,\"modified\":1557177071,\"cuid\":\"bj8a5rq23akpc5md8b40\",\"relations\":{\"Value\":{}},\"body\":{\"Data\":\"Hello world...\"},\"editors\":{\"Data\":\"\"},\"summary\":{\"Data\":\"updated\"},\"title\":{\"Data\":\"Good morning\"},\"id\":76,\"parent_id\":1,\"main_id\":76,\"identifier_path\":\"\",\"hierarchy\":\"1/76\",\"content_type\":\"article\",\"content_id\":61,\"language\":\"\",\"author\":0,\"name\":\"Good morning\",\"is_hidden\":false,\"is_invisible\":false,\"priority\":0,\"uid\":\"bj8a5rq23akpc5md8b4g\",\"section\":\"\",\"p\":\"\"}',0,0),(34,'article',21,2,0,0,'{\"cid\":21,\"version\":1,\"published\":1555877658,\"modified\":1555877658,\"cuid\":\"biucu6li6ekl32m1osp0\",\"relations\":{\"Value\":{}},\"body\":{\"Data\":\"33\"},\"editors\":{\"Data\":\"\"},\"summary\":{\"Data\":\"222\"},\"title\":{\"Data\":\"Test11\"},\"id\":24,\"parent_id\":4,\"main_id\":0,\"identifier_path\":\"\",\"hierarchy\":\"\",\"content_type\":\"article\",\"content_id\":21,\"language\":\"\",\"author\":0,\"name\":\"Test\",\"is_hidden\":false,\"is_invisible\":false,\"priority\":0,\"uid\":\"biucu6li6ekl32m1ospg\",\"section\":\"\",\"p\":\"\"}',0,0),(35,'article',61,14,0,0,'{\"cid\":61,\"version\":13,\"published\":1557177071,\"modified\":1557262946,\"cuid\":\"bj8a5rq23akpc5md8b40\",\"relations\":{\"Value\":{}},\"body\":{\"Data\":\"Hello world...\"},\"editors\":{\"Data\":\"\"},\"summary\":{\"Data\":\"updated\"},\"title\":{\"Data\":\"Good morning\"},\"id\":76,\"parent_id\":1,\"main_id\":76,\"identifier_path\":\"\",\"hierarchy\":\"1/76\",\"content_type\":\"article\",\"content_id\":61,\"language\":\"\",\"author\":0,\"name\":\"Good morning\",\"is_hidden\":false,\"is_invisible\":false,\"priority\":0,\"uid\":\"bj8a5rq23akpc5md8b4g\",\"section\":\"\",\"p\":\"\"}',0,0),(36,'article',61,15,0,0,'{\"cid\":61,\"version\":14,\"published\":1557177071,\"modified\":1557263177,\"cuid\":\"bj8a5rq23akpc5md8b40\",\"relations\":{\"Value\":{}},\"body\":{\"Data\":\"Hello world...\"},\"editors\":{\"Data\":\"\"},\"summary\":{\"Data\":\"updated\"},\"title\":{\"Data\":\"Good morning\"},\"id\":76,\"parent_id\":1,\"main_id\":76,\"identifier_path\":\"\",\"hierarchy\":\"1/76\",\"content_type\":\"article\",\"content_id\":61,\"language\":\"\",\"author\":0,\"name\":\"Good morning\",\"is_hidden\":false,\"is_invisible\":false,\"priority\":0,\"uid\":\"bj8a5rq23akpc5md8b4g\",\"section\":\"\",\"p\":\"\"}',0,0),(37,'article',61,16,0,0,'{\"cid\":61,\"version\":15,\"published\":1557177071,\"modified\":1557263281,\"cuid\":\"bj8a5rq23akpc5md8b40\",\"relations\":{\"Value\":{}},\"body\":{\"Data\":\"Hello world...\"},\"editors\":{\"Data\":\"\"},\"summary\":{\"Data\":\"updated\"},\"title\":{\"Data\":\"Good morning\"},\"id\":76,\"parent_id\":1,\"main_id\":76,\"identifier_path\":\"\",\"hierarchy\":\"1/76\",\"content_type\":\"article\",\"content_id\":61,\"language\":\"\",\"author\":0,\"name\":\"Good morning\",\"is_hidden\":false,\"is_invisible\":false,\"priority\":0,\"uid\":\"bj8a5rq23akpc5md8b4g\",\"section\":\"\",\"p\":\"\"}',0,0),(38,'article',61,17,0,0,'{\"cid\":61,\"version\":16,\"published\":1557177071,\"modified\":1557263297,\"cuid\":\"bj8a5rq23akpc5md8b40\",\"relations\":{\"Value\":{}},\"body\":{\"Data\":\"Hello world...\"},\"editors\":{\"Data\":\"\"},\"summary\":{\"Data\":\"updated\"},\"title\":{\"Data\":\"Good morning\"},\"id\":76,\"parent_id\":1,\"main_id\":76,\"identifier_path\":\"\",\"hierarchy\":\"1/76\",\"content_type\":\"article\",\"content_id\":61,\"language\":\"\",\"author\":0,\"name\":\"Good morning\",\"is_hidden\":false,\"is_invisible\":false,\"priority\":0,\"uid\":\"bj8a5rq23akpc5md8b4g\",\"section\":\"\",\"p\":\"\"}',0,0),(39,'article',61,18,0,0,'{\"cid\":61,\"version\":17,\"published\":1557177071,\"modified\":1557263335,\"cuid\":\"bj8a5rq23akpc5md8b40\",\"relations\":{\"Value\":{}},\"body\":{\"Data\":\"Hello world...\"},\"editors\":{\"Data\":\"\"},\"summary\":{\"Data\":\"updated\"},\"title\":{\"Data\":\"Good morning\"},\"id\":76,\"parent_id\":1,\"main_id\":76,\"identifier_path\":\"\",\"hierarchy\":\"1/76\",\"content_type\":\"article\",\"content_id\":61,\"language\":\"\",\"author\":0,\"name\":\"Good morning\",\"is_hidden\":false,\"is_invisible\":false,\"priority\":0,\"uid\":\"bj8a5rq23akpc5md8b4g\",\"section\":\"\",\"p\":\"\"}',0,0),(40,'article',61,19,0,0,'{\"cid\":61,\"version\":18,\"published\":1557177071,\"modified\":1557263436,\"cuid\":\"bj8a5rq23akpc5md8b40\",\"relations\":{\"Value\":{}},\"body\":{\"Data\":\"Hello world...\"},\"editors\":{\"Data\":\"\"},\"summary\":{\"Data\":\"updated\"},\"title\":{\"Data\":\"Good morning\"},\"id\":76,\"parent_id\":1,\"main_id\":76,\"identifier_path\":\"\",\"hierarchy\":\"1/76\",\"content_type\":\"article\",\"content_id\":61,\"language\":\"\",\"author\":0,\"name\":\"Good morning\",\"is_hidden\":false,\"is_invisible\":false,\"priority\":0,\"uid\":\"bj8a5rq23akpc5md8b4g\",\"section\":\"\",\"p\":\"\"}',0,0),(41,'article',61,20,0,0,'{\"cid\":61,\"version\":19,\"published\":1557177071,\"modified\":1557263454,\"cuid\":\"bj8a5rq23akpc5md8b40\",\"relations\":{\"Value\":{}},\"body\":{\"Data\":\"Hello world...\"},\"editors\":{\"Data\":\"\"},\"summary\":{\"Data\":\"updated1\"},\"title\":{\"Data\":\"Good morning\"},\"id\":76,\"parent_id\":1,\"main_id\":76,\"identifier_path\":\"\",\"hierarchy\":\"1/76\",\"content_type\":\"article\",\"content_id\":61,\"language\":\"\",\"author\":0,\"name\":\"Good morning\",\"is_hidden\":false,\"is_invisible\":false,\"priority\":0,\"uid\":\"bj8a5rq23akpc5md8b4g\",\"section\":\"\",\"p\":\"\"}',0,0),(42,'article',61,21,0,0,'{\"cid\":61,\"version\":20,\"published\":1557177071,\"modified\":1557263619,\"cuid\":\"bj8a5rq23akpc5md8b40\",\"relations\":{\"Value\":{}},\"body\":{\"Data\":\"Hello world...\"},\"editors\":{\"Data\":\"\"},\"summary\":{\"Data\":\"updated1\"},\"title\":{\"Data\":\"Good morning1\"},\"id\":76,\"parent_id\":1,\"main_id\":76,\"identifier_path\":\"\",\"hierarchy\":\"1/76\",\"content_type\":\"article\",\"content_id\":61,\"language\":\"\",\"author\":0,\"name\":\"Good morning\",\"is_hidden\":false,\"is_invisible\":false,\"priority\":0,\"uid\":\"bj8a5rq23akpc5md8b4g\",\"section\":\"\",\"p\":\"\"}',0,0),(43,'article',62,2,0,0,'{\"cid\":62,\"version\":1,\"published\":1557177300,\"modified\":1557177300,\"cuid\":\"bj8a7l223akpbf5d21hg\",\"relations\":{\"Value\":{}},\"body\":{\"Data\":\"sfdsfs fdsdf sf\"},\"editors\":{\"Data\":\"\"},\"summary\":{\"Data\":\"\"},\"title\":{\"Data\":\"Hello world this is nice\"},\"id\":77,\"parent_id\":1,\"main_id\":77,\"identifier_path\":\"\",\"hierarchy\":\"1/77\",\"content_type\":\"article\",\"content_id\":62,\"language\":\"\",\"author\":0,\"name\":\"Hello world this is \",\"is_hidden\":false,\"is_invisible\":false,\"priority\":0,\"uid\":\"bj8a7l223akpbf5d21i0\",\"section\":\"\",\"p\":\"\"}',0,0),(44,'article',66,2,0,0,'{\"cid\":66,\"version\":1,\"published\":1557256679,\"modified\":1557256679,\"cuid\":\"bj8tjpti6ekhseu2bum0\",\"relations\":{\"Value\":{}},\"body\":{\"Data\":\"fdasfsa\\r\\nfs\\r\\ndafadsf\"},\"editors\":{\"Data\":\"\"},\"summary\":{\"Data\":\"dfsfsf\\r\\nsfafasdf\\r\\n\"},\"title\":{\"Data\":\"Hello 23\"},\"id\":82,\"parent_id\":1,\"main_id\":82,\"identifier_path\":\"\",\"hierarchy\":\"1/82\",\"content_type\":\"article\",\"content_id\":66,\"language\":\"\",\"author\":0,\"name\":\"Hello 2\",\"is_hidden\":false,\"is_invisible\":false,\"priority\":0,\"uid\":\"bj8tjpti6ekhseu2bumg\",\"section\":\"\",\"p\":\"\"}',0,0),(45,'article',61,22,0,0,'{\"cid\":61,\"version\":21,\"published\":1557177071,\"modified\":1557265262,\"cuid\":\"bj8a5rq23akpc5md8b40\",\"relations\":{\"Value\":{}},\"body\":{\"Data\":\"Hello world...\"},\"editors\":{\"Data\":\"\"},\"summary\":{\"Data\":\"updated1\"},\"title\":{\"Data\":\"Good morning2\"},\"id\":76,\"parent_id\":1,\"main_id\":76,\"identifier_path\":\"\",\"hierarchy\":\"1/76\",\"content_type\":\"article\",\"content_id\":61,\"language\":\"\",\"author\":0,\"name\":\"Good morning1\",\"is_hidden\":false,\"is_invisible\":false,\"priority\":0,\"uid\":\"bj8a5rq23akpc5md8b4g\",\"section\":\"\",\"p\":\"\"}',0,0),(46,'article',61,23,0,0,'{\"cid\":61,\"version\":22,\"published\":1557177071,\"modified\":1557294530,\"cuid\":\"bj8a5rq23akpc5md8b40\",\"relations\":{\"Value\":{}},\"body\":{\"Data\":\"Hello world...\"},\"editors\":{\"Data\":\"\"},\"summary\":{\"Data\":\"updated1\"},\"title\":{\"Data\":\"Good morning2233\"},\"id\":76,\"parent_id\":1,\"main_id\":76,\"identifier_path\":\"\",\"hierarchy\":\"1/76\",\"content_type\":\"article\",\"content_id\":61,\"language\":\"\",\"author\":0,\"name\":\"Good morning2\",\"is_hidden\":false,\"is_invisible\":false,\"priority\":0,\"uid\":\"bj8a5rq23akpc5md8b4g\",\"section\":\"\",\"p\":\"\"}',0,0),(47,'article',67,1,0,0,'{\"cid\":67,\"version\":1,\"published\":1557431429,\"modified\":1557431429,\"cuid\":\"bja891a23akm7ac6nebg\",\"relations\":{\"Value\":null},\"body\":{\"Data\":\"weeweweewew\"},\"editors\":{\"Data\":\"\"},\"summary\":{\"Data\":\"fdsfsdfsf\"},\"title\":{\"Data\":\"dfsfdsfsfdsf\"},\"id\":0,\"parent_id\":0,\"main_id\":0,\"identifier_path\":\"\",\"hierarchy\":\"\",\"content_type\":\"\",\"content_id\":0,\"language\":\"\",\"author\":0,\"name\":\"\",\"is_hidden\":false,\"is_invisible\":false,\"priority\":0,\"uid\":\"\",\"section\":\"\",\"p\":\"\"}',0,0),(48,'article',66,3,0,0,'{\"cid\":66,\"version\":2,\"published\":1557256679,\"modified\":1557268023,\"cuid\":\"bj8tjpti6ekhseu2bum0\",\"relations\":{\"Value\":{}},\"body\":{\"Data\":\"fdasfsa\\r\\nfs\\r\\ndafadsf\"},\"editors\":{\"Data\":\"\"},\"summary\":{\"Data\":\"dfsfsf\\r\\nsfafasdf\\r\\n\"},\"title\":{\"Data\":\"Hello 24\"},\"id\":82,\"parent_id\":1,\"main_id\":82,\"identifier_path\":\"\",\"hierarchy\":\"1/82\",\"content_type\":\"article\",\"content_id\":66,\"language\":\"\",\"author\":0,\"name\":\"Hello 23\",\"is_hidden\":false,\"is_invisible\":false,\"priority\":0,\"uid\":\"bj8tjpti6ekhseu2bumg\",\"section\":\"\",\"p\":\"\"}',0,0),(49,'article',68,1,0,0,'{\"cid\":68,\"version\":1,\"published\":1557519549,\"modified\":1557519549,\"cuid\":\"bjatpfdi6ekgsafe064g\",\"relations\":{\"Value\":null},\"body\":{\"Data\":\"fdsfsfsfsfsfsfs\"},\"editors\":{\"Data\":\"\"},\"summary\":{\"Data\":\"fdsfdsf\"},\"title\":{\"Data\":\"Hello f\"},\"id\":0,\"parent_id\":0,\"main_id\":0,\"identifier_path\":\"\",\"hierarchy\":\"\",\"content_type\":\"\",\"content_id\":0,\"language\":\"\",\"author\":0,\"name\":\"\",\"is_hidden\":false,\"is_invisible\":false,\"priority\":0,\"uid\":\"\",\"section\":\"\",\"p\":\"\"}',0,0),(50,'article',69,1,0,0,'{\"cid\":69,\"version\":1,\"published\":1557605538,\"modified\":1557605538,\"cuid\":\"bjbip8li6eku0s4238mg\",\"relations\":{\"Value\":null},\"body\":{\"Data\":\"\"},\"editors\":{\"Data\":\"\"},\"summary\":{\"Data\":\"d\"},\"title\":{\"Data\":\"Test\"},\"id\":0,\"parent_id\":0,\"main_id\":0,\"identifier_path\":\"\",\"hierarchy\":\"\",\"content_type\":\"\",\"content_id\":0,\"language\":\"\",\"author\":0,\"name\":\"\",\"is_hidden\":false,\"is_invisible\":false,\"priority\":0,\"uid\":\"\",\"section\":\"\",\"p\":\"\"}',0,0),(51,'article',70,1,0,0,'{\"cid\":70,\"version\":1,\"published\":1557605998,\"modified\":1557605998,\"cuid\":\"bjbisrli6eku74i5nja0\",\"relations\":{\"Value\":null},\"body\":{\"Data\":\"\"},\"editors\":{\"Data\":\"\"},\"summary\":{\"Data\":\"222\"},\"title\":{\"Data\":\"2222\"},\"id\":0,\"parent_id\":0,\"main_id\":0,\"identifier_path\":\"\",\"hierarchy\":\"\",\"content_type\":\"\",\"content_id\":0,\"language\":\"\",\"author\":0,\"name\":\"\",\"is_hidden\":false,\"is_invisible\":false,\"priority\":0,\"uid\":\"\",\"section\":\"\",\"p\":\"\"}',0,0),(52,'article',71,1,0,0,'{\"cid\":71,\"version\":1,\"published\":1557606501,\"modified\":1557606501,\"cuid\":\"bjbj0pa23akicccgs05g\",\"relations\":{\"Value\":null},\"body\":{\"Data\":\"\"},\"editors\":{\"Data\":\"\"},\"summary\":{\"Data\":\"3333\"},\"title\":{\"Data\":\"2222\"},\"id\":0,\"parent_id\":0,\"main_id\":0,\"identifier_path\":\"\",\"hierarchy\":\"\",\"content_type\":\"\",\"content_id\":0,\"language\":\"\",\"author\":0,\"name\":\"\",\"is_hidden\":false,\"is_invisible\":false,\"priority\":0,\"uid\":\"\",\"section\":\"\",\"p\":\"\"}',0,0),(53,'article',71,2,0,0,'{\"cid\":71,\"version\":1,\"published\":1557606501,\"modified\":1557606501,\"cuid\":\"bjbj0pa23akicccgs05g\",\"relations\":{\"Value\":{}},\"body\":{\"Data\":\"\"},\"editors\":{\"Data\":\"\"},\"summary\":{\"Data\":\"3333\"},\"title\":{\"Data\":\"22224444\"},\"id\":90,\"parent_id\":1,\"main_id\":90,\"identifier_path\":\"\",\"hierarchy\":\"1/90\",\"content_type\":\"article\",\"content_id\":71,\"language\":\"\",\"author\":0,\"name\":\"2222\",\"is_hidden\":false,\"is_invisible\":false,\"priority\":0,\"uid\":\"bjbj0pa23akicccgs060\",\"section\":\"\",\"p\":\"\"}',0,0),(54,'article',61,24,0,0,'{\"cid\":61,\"version\":23,\"published\":1557177071,\"modified\":1557323975,\"cuid\":\"bj8a5rq23akpc5md8b40\",\"relations\":{\"Value\":{}},\"body\":{\"Data\":\"Hello world...\"},\"editors\":{\"Data\":\"\"},\"summary\":{\"Data\":\"updated2\"},\"title\":{\"Data\":\"Good morning2233\"},\"id\":76,\"parent_id\":1,\"main_id\":76,\"identifier_path\":\"\",\"hierarchy\":\"1/76\",\"content_type\":\"article\",\"content_id\":61,\"language\":\"\",\"author\":0,\"name\":\"Good morning2233\",\"is_hidden\":false,\"is_invisible\":false,\"priority\":0,\"uid\":\"bj8a5rq23akpc5md8b4g\",\"section\":\"\",\"p\":\"\"}',0,0),(55,'article',61,25,0,0,'{\"cid\":61,\"version\":24,\"published\":1557177071,\"modified\":1557611074,\"cuid\":\"bj8a5rq23akpc5md8b40\",\"relations\":{\"Value\":{}},\"body\":{\"Data\":\"Hello world...\"},\"editors\":{\"Data\":\"\"},\"summary\":{\"Data\":\"updated3\"},\"title\":{\"Data\":\"Good morning2233\"},\"id\":76,\"parent_id\":1,\"main_id\":76,\"identifier_path\":\"\",\"hierarchy\":\"1/76\",\"content_type\":\"article\",\"content_id\":61,\"language\":\"\",\"author\":0,\"name\":\"Good morning2233\",\"is_hidden\":false,\"is_invisible\":false,\"priority\":0,\"uid\":\"bj8a5rq23akpc5md8b4g\",\"section\":\"\",\"p\":\"\"}',0,0),(56,'article',72,1,0,0,'{\"cid\":72,\"version\":1,\"published\":1557654182,\"modified\":1557654182,\"cuid\":\"bjbul9li6ekv7erreb5g\",\"relations\":{\"Value\":null},\"body\":{\"Data\":\"333\"},\"editors\":{\"Data\":\"\"},\"summary\":{\"Data\":\"222\"},\"title\":{\"Data\":\"1111\"},\"id\":0,\"parent_id\":0,\"main_id\":0,\"identifier_path\":\"\",\"hierarchy\":\"\",\"content_type\":\"\",\"content_id\":0,\"language\":\"\",\"author\":0,\"name\":\"\",\"is_hidden\":false,\"is_invisible\":false,\"priority\":0,\"uid\":\"\",\"section\":\"\",\"p\":\"\"}',0,0),(57,'article',73,1,0,0,'{\"cid\":73,\"version\":1,\"published\":1557654653,\"modified\":1557654653,\"cuid\":\"bjbuovdi6ekvetumc1gg\",\"relations\":{\"Value\":null},\"body\":{\"Data\":\"\"},\"editors\":{\"Data\":\"\"},\"summary\":{\"Data\":\"22222\"},\"title\":{\"Data\":\"111111\"},\"id\":0,\"parent_id\":0,\"main_id\":0,\"identifier_path\":\"\",\"hierarchy\":\"\",\"content_type\":\"\",\"content_id\":0,\"language\":\"\",\"author\":0,\"name\":\"\",\"is_hidden\":false,\"is_invisible\":false,\"priority\":0,\"uid\":\"\",\"section\":\"\",\"p\":\"\"}',0,0),(58,'article',74,1,0,0,'{\"cid\":74,\"version\":1,\"published\":1557654995,\"modified\":1557654995,\"cuid\":\"bjburkti6ekvgv244ou0\",\"relations\":{\"Value\":null},\"body\":{\"Data\":\"3333\"},\"editors\":{\"Data\":\"\"},\"summary\":{\"Data\":\"2222\"},\"title\":{\"Data\":\"11111\"},\"id\":0,\"parent_id\":0,\"main_id\":0,\"identifier_path\":\"\",\"hierarchy\":\"\",\"content_type\":\"\",\"content_id\":0,\"language\":\"\",\"author\":0,\"name\":\"\",\"is_hidden\":false,\"is_invisible\":false,\"priority\":0,\"uid\":\"\",\"section\":\"\",\"p\":\"\"}',0,0),(59,'article',75,1,0,0,'{\"cid\":75,\"version\":1,\"published\":1557655142,\"modified\":1557655142,\"cuid\":\"bjbuspli6ekvi0oq412g\",\"relations\":{\"Value\":null},\"body\":{\"Data\":\"333\"},\"editors\":{\"Data\":\"\"},\"summary\":{\"Data\":\"222\"},\"title\":{\"Data\":\"2222\"},\"id\":0,\"parent_id\":0,\"main_id\":0,\"identifier_path\":\"\",\"hierarchy\":\"\",\"content_type\":\"\",\"content_id\":0,\"language\":\"\",\"author\":0,\"name\":\"\",\"is_hidden\":false,\"is_invisible\":false,\"priority\":0,\"uid\":\"\",\"section\":\"\",\"p\":\"\"}',0,0),(60,'article',76,1,0,0,'{\"cid\":76,\"version\":1,\"published\":1557657996,\"modified\":1557657996,\"cuid\":\"bjbvj35i6ekh1mgho1m0\",\"relations\":{\"Value\":null},\"body\":{\"Data\":\"ddd\"},\"editors\":{\"Data\":\"\"},\"summary\":{\"Data\":\"weeee\"},\"title\":{\"Data\":\"ssss\"},\"id\":0,\"parent_id\":0,\"main_id\":0,\"identifier_path\":\"\",\"hierarchy\":\"\",\"content_type\":\"\",\"content_id\":0,\"language\":\"\",\"author\":0,\"name\":\"\",\"is_hidden\":false,\"is_invisible\":false,\"priority\":0,\"uid\":\"\",\"section\":\"\",\"p\":\"\"}',0,0),(61,'article',77,1,0,0,'{\"cid\":77,\"version\":1,\"published\":1557658176,\"modified\":1557658176,\"cuid\":\"bjbvkg223akoasatt3r0\",\"relations\":{\"Value\":null},\"body\":{\"Data\":\"\"},\"editors\":{\"Data\":\"\"},\"summary\":{\"Data\":\"dddd\"},\"title\":{\"Data\":\"qqqq\"},\"id\":0,\"parent_id\":0,\"main_id\":0,\"identifier_path\":\"\",\"hierarchy\":\"\",\"content_type\":\"\",\"content_id\":0,\"language\":\"\",\"author\":0,\"name\":\"\",\"is_hidden\":false,\"is_invisible\":false,\"priority\":0,\"uid\":\"\",\"section\":\"\",\"p\":\"\"}',0,0),(62,'article',70,2,0,0,'{\"cid\":70,\"version\":1,\"published\":1557605998,\"modified\":1557605998,\"cuid\":\"bjbisrli6eku74i5nja0\",\"relations\":{\"Value\":{}},\"body\":{\"Data\":\"\"},\"editors\":{\"Data\":\"\"},\"summary\":{\"Data\":\"222\"},\"title\":{\"Data\":\"2222\"},\"id\":89,\"parent_id\":1,\"main_id\":89,\"identifier_path\":\"\",\"hierarchy\":\"1/89\",\"content_type\":\"article\",\"content_id\":70,\"language\":\"\",\"author\":0,\"name\":\"2222\",\"is_hidden\":false,\"is_invisible\":false,\"priority\":0,\"uid\":\"bjbisrti6eku74i5njag\",\"section\":\"\",\"p\":\"\"}',0,0),(63,'article',70,3,0,0,'{\"cid\":70,\"version\":2,\"published\":1557605998,\"modified\":1557660360,\"cuid\":\"bjbisrli6eku74i5nja0\",\"relations\":{\"Value\":{}},\"body\":{\"Data\":\"\"},\"editors\":{\"Data\":\"\"},\"summary\":{\"Data\":\"222\"},\"title\":{\"Data\":\"2222\"},\"id\":89,\"parent_id\":1,\"main_id\":89,\"identifier_path\":\"\",\"hierarchy\":\"1/89\",\"content_type\":\"article\",\"content_id\":70,\"language\":\"\",\"author\":0,\"name\":\"2222\",\"is_hidden\":false,\"is_invisible\":false,\"priority\":0,\"uid\":\"bjbisrti6eku74i5njag\",\"section\":\"\",\"p\":\"\"}',0,0),(64,'article',69,2,0,0,'{\"id\":69,\"version\":1,\"published\":1557605538,\"modified\":1557605538,\"cuid\":\"bjbip8li6eku0s4238mg\",\"relations\":{\"Value\":{}},\"body\":{\"Data\":\"\"},\"editors\":{\"Data\":\"\"},\"summary\":{\"Data\":\"d\"},\"title\":{\"Data\":\"Test\"},\"location\":{\"id\":88,\"parent_id\":1,\"main_id\":88,\"identifier_path\":\"\",\"hierarchy\":\"1/88\",\"content_type\":\"article\",\"content_id\":69,\"language\":\"\",\"author\":0,\"name\":\"Test\",\"is_hidden\":false,\"is_invisible\":false,\"priority\":0,\"uid\":\"bjbip8li6eku0s4238n0\",\"section\":\"\",\"p\":\"\"}}',0,0),(65,'article',69,3,0,0,'{\"id\":69,\"version\":2,\"published\":1557605538,\"modified\":1557680180,\"cuid\":\"bjbip8li6eku0s4238mg\",\"relations\":{\"Value\":{}},\"body\":{\"Data\":\"\"},\"editors\":{\"Data\":\"\"},\"summary\":{\"Data\":\"d\"},\"title\":{\"Data\":\"Test1\"},\"location\":{\"id\":88,\"parent_id\":1,\"main_id\":88,\"identifier_path\":\"\",\"hierarchy\":\"1/88\",\"content_type\":\"article\",\"content_id\":69,\"language\":\"\",\"author\":0,\"name\":\"Test\",\"is_hidden\":false,\"is_invisible\":false,\"priority\":0,\"uid\":\"bjbip8li6eku0s4238n0\",\"section\":\"\",\"p\":\"\"}}',0,0),(66,'article',87,26,0,0,'{\"id\":87,\"version\":25,\"published\":1557177071,\"modified\":1557642283,\"cuid\":\"bj8a5rq23akpc5md8b46\",\"relations\":{\"Value\":{}},\"body\":{\"Data\":\"Hello world...\"},\"editors\":{\"Data\":\"\"},\"summary\":{\"Data\":\"updated3\"},\"title\":{\"Data\":\"Good morning2233\"},\"location\":{\"id\":103,\"parent_id\":1,\"main_id\":76,\"identifier_path\":\"\",\"hierarchy\":\"\",\"content_type\":\"article\",\"content_id\":87,\"language\":\"\",\"author\":0,\"name\":\"Good morning2233\",\"is_hidden\":false,\"is_invisible\":false,\"priority\":0,\"uid\":\"bj8a5rq23akpc5md8b41\",\"section\":\"\",\"p\":\"\"}}',0,0),(67,'article',61,26,0,0,'{\"id\":61,\"version\":25,\"published\":1557177071,\"modified\":1557642283,\"cuid\":\"bj8a5rq23akpc5md8b40\",\"relations\":{\"Value\":{}},\"body\":{\"Data\":\"Hello world...\"},\"editors\":{\"Data\":\"\"},\"summary\":{\"Data\":\"updated3\"},\"title\":{\"Data\":\"Good morning22331\"},\"location\":{\"id\":76,\"parent_id\":1,\"main_id\":76,\"identifier_path\":\"\",\"hierarchy\":\"1/76\",\"content_type\":\"article\",\"content_id\":61,\"language\":\"\",\"author\":0,\"name\":\"Good morning2233\",\"is_hidden\":false,\"is_invisible\":false,\"priority\":0,\"uid\":\"bj8a5rq23akpc5md8b4g\",\"section\":\"\",\"p\":\"\"}}',0,0),(68,'article',61,27,0,0,'{\"id\":61,\"version\":26,\"published\":1557177071,\"modified\":1557737156,\"cuid\":\"bj8a5rq23akpc5md8b40\",\"relations\":{\"Value\":{}},\"body\":{\"Data\":\"Hello world...\"},\"editors\":{\"Data\":\"\"},\"summary\":{\"Data\":\"updated3\"},\"title\":{\"Data\":\"Good morning22332\"},\"location\":{\"id\":76,\"parent_id\":1,\"main_id\":76,\"identifier_path\":\"\",\"hierarchy\":\"1/76\",\"content_type\":\"article\",\"content_id\":61,\"language\":\"\",\"author\":0,\"name\":\"Good morning22331\",\"is_hidden\":false,\"is_invisible\":false,\"priority\":0,\"uid\":\"bj8a5rq23akpc5md8b4g\",\"section\":\"\",\"p\":\"\"}}',0,0),(69,'article',61,28,0,0,'{\"id\":61,\"version\":27,\"published\":1557177071,\"modified\":1557758357,\"cuid\":\"bj8a5rq23akpc5md8b40\",\"relations\":{\"Value\":{}},\"body\":{\"Data\":\"Hello world...\"},\"editors\":{\"Data\":\"\"},\"summary\":{\"Data\":\"updated3\"},\"title\":{\"Data\":\"Good morning22332\"},\"location\":{\"id\":76,\"parent_id\":1,\"main_id\":76,\"identifier_path\":\"\",\"hierarchy\":\"1/76\",\"content_type\":\"article\",\"content_id\":61,\"language\":\"\",\"author\":0,\"name\":\"Good morning22332\",\"is_hidden\":false,\"is_invisible\":false,\"priority\":0,\"uid\":\"bj8a5rq23akpc5md8b4g\",\"section\":\"\",\"p\":\"\"}}',0,0),(70,'article',61,29,0,0,'{\"id\":61,\"version\":28,\"published\":1557177071,\"modified\":1557927739,\"cuid\":\"bj8a5rq23akpc5md8b40\",\"relations\":{\"Value\":{}},\"body\":{\"Data\":\"Hello world...\"},\"editors\":{\"Data\":\"\"},\"summary\":{\"Data\":\"updated3\"},\"title\":{\"Data\":\"Good morning22332\"},\"location\":{\"id\":76,\"parent_id\":1,\"main_id\":76,\"identifier_path\":\"\",\"hierarchy\":\"1/76\",\"content_type\":\"article\",\"content_id\":61,\"language\":\"\",\"author\":0,\"name\":\"Good morning22332\",\"is_hidden\":false,\"is_invisible\":false,\"priority\":0,\"uid\":\"bj8a5rq23akpc5md8b4g\",\"section\":\"\",\"p\":\"\"}}',0,0),(71,'article',61,30,0,0,'{\"id\":61,\"version\":29,\"published\":1557177071,\"modified\":1558179293,\"cuid\":\"bj8a5rq23akpc5md8b40\",\"relations\":{\"Value\":{}},\"body\":{\"Data\":\"Hello world...\"},\"editors\":{\"Data\":\"\"},\"summary\":{\"Data\":\"updated3\"},\"title\":{\"Data\":\"Good morning22332\"},\"location\":{\"id\":76,\"parent_id\":1,\"main_id\":76,\"identifier_path\":\"\",\"hierarchy\":\"1/76\",\"content_type\":\"article\",\"content_id\":61,\"language\":\"\",\"author\":0,\"name\":\"Good morning22332\",\"is_hidden\":false,\"is_invisible\":false,\"priority\":0,\"uid\":\"bj8a5rq23akpc5md8b4g\",\"section\":\"\",\"p\":\"\"}}',0,0),(72,'user',5,1,0,0,'{\"id\":5,\"version\":1,\"published\":1558459249,\"modified\":1558459249,\"cuid\":\"bji36sdi6ekhtt8mb09g\",\"relations\":{\"list\":null},\"firstname\":{\"data\":\"Chen\"},\"lastname\":{\"data\":\"Xiongjie\"},\"login\":{\"data\":\"chen\"},\"password\":{\"data\":\"\"},\"location\":{\"id\":0,\"parent_id\":0,\"main_id\":0,\"identifier_path\":\"\",\"hierarchy\":\"\",\"content_type\":\"\",\"content_id\":0,\"language\":\"\",\"author\":0,\"name\":\"\",\"is_hidden\":false,\"is_invisible\":false,\"priority\":0,\"uid\":\"\",\"section\":\"\",\"p\":\"\"}}',0,0),(73,'user',6,1,0,0,'{\"id\":6,\"version\":1,\"published\":1558459922,\"modified\":1558459922,\"cuid\":\"bji3c4li6eki6j86g630\",\"relations\":{\"list\":null},\"firstname\":{\"data\":\"Administrator\"},\"lastname\":{\"data\":\"Admin\"},\"login\":{\"data\":\"admin\"},\"password\":{\"data\":\"\"},\"location\":{\"id\":0,\"parent_id\":0,\"main_id\":0,\"identifier_path\":\"\",\"hierarchy\":\"\",\"content_type\":\"\",\"content_id\":0,\"language\":\"\",\"author\":0,\"name\":\"\",\"is_hidden\":false,\"is_invisible\":false,\"priority\":0,\"uid\":\"\",\"section\":\"\",\"p\":\"\"}}',0,0),(74,'user',7,1,0,0,'{\"id\":7,\"version\":1,\"published\":1558459976,\"modified\":1558459976,\"cuid\":\"bji3ci5i6eki6j86g640\",\"relations\":{\"list\":null},\"firstname\":{\"data\":\"Anonymous\"},\"lastname\":{\"data\":\"User\"},\"login\":{\"data\":\"anonymous\"},\"password\":{\"data\":\"\"},\"location\":{\"id\":0,\"parent_id\":0,\"main_id\":0,\"identifier_path\":\"\",\"hierarchy\":\"\",\"content_type\":\"\",\"content_id\":0,\"language\":\"\",\"author\":0,\"name\":\"\",\"is_hidden\":false,\"is_invisible\":false,\"priority\":0,\"uid\":\"\",\"section\":\"\",\"p\":\"\"}}',0,0),(75,'user',8,1,0,0,'{\"id\":8,\"version\":1,\"published\":1560024014,\"modified\":1560024014,\"cuid\":\"bju17ji23akh5tr4qlg0\",\"relations\":{\"list\":null},\"firstname\":{\"data\":\"\"},\"lastname\":{\"data\":\"\"},\"login\":{\"data\":\"\"},\"password\":{\"data\":\"\"},\"location\":{\"id\":0,\"parent_id\":0,\"main_id\":0,\"identifier_path\":\"\",\"hierarchy\":\"\",\"content_type\":\"\",\"content_id\":0,\"language\":\"\",\"author\":0,\"name\":\"\",\"is_hidden\":false,\"is_invisible\":false,\"priority\":0,\"uid\":\"\",\"section\":\"\",\"p\":\"\"}}',0,0),(76,'article',71,1,0,0,'{\"id\":71,\"version\":1,\"published\":1560179184,\"modified\":1560179184,\"cuid\":\"bjv73s223akibuejtm60\",\"relations\":{\"list\":null},\"body\":{\"data\":\"eeeee\"},\"editors\":{\"data\":\"\"},\"summary\":{\"data\":\"ddddd\"},\"title\":{\"data\":\"sssss\"},\"location\":{\"id\":0,\"parent_id\":0,\"main_id\":0,\"identifier_path\":\"\",\"hierarchy\":\"\",\"depth\":0,\"content_type\":\"\",\"content_id\":0,\"language\":\"\",\"author\":0,\"name\":\"\",\"is_hidden\":false,\"is_invisible\":false,\"priority\":0,\"uid\":\"\",\"section\":\"\",\"p\":\"\"}}',0,0),(77,'article',72,1,0,0,'{\"id\":72,\"version\":1,\"published\":1560179203,\"modified\":1560179203,\"cuid\":\"bjv740q23akibuejtm70\",\"relations\":{\"list\":null},\"body\":{\"data\":\"d\"},\"editors\":{\"data\":\"\"},\"summary\":{\"data\":\"rd\"},\"title\":{\"data\":\"rrrrrrr\"},\"location\":{\"id\":0,\"parent_id\":0,\"main_id\":0,\"identifier_path\":\"\",\"hierarchy\":\"\",\"depth\":0,\"content_type\":\"\",\"content_id\":0,\"language\":\"\",\"author\":0,\"name\":\"\",\"is_hidden\":false,\"is_invisible\":false,\"priority\":0,\"uid\":\"\",\"section\":\"\",\"p\":\"\"}}',0,0),(78,'article',73,1,0,0,'{\"id\":73,\"version\":1,\"published\":1560274280,\"modified\":1560274280,\"cuid\":\"bjvuaq5i6ekg92bhpbtg\",\"relations\":{\"list\":null},\"body\":{\"data\":\"\"},\"editors\":{\"data\":\"\"},\"summary\":{\"data\":\"test2\"},\"title\":{\"data\":\"Test1\"},\"location\":{\"id\":0,\"parent_id\":0,\"main_id\":0,\"identifier_path\":\"\",\"hierarchy\":\"\",\"depth\":0,\"content_type\":\"\",\"content_id\":0,\"language\":\"\",\"author\":0,\"name\":\"\",\"is_hidden\":false,\"is_invisible\":false,\"priority\":0,\"uid\":\"\",\"section\":\"\",\"p\":\"\"}}',0,0),(79,'article',74,1,0,0,'{\"id\":74,\"version\":1,\"published\":1560274532,\"modified\":1560274532,\"cuid\":\"bjvucp5i6ekgbbbvqpq0\",\"relations\":{\"list\":null},\"body\":{\"data\":\"\"},\"editors\":{\"data\":\"\"},\"summary\":{\"data\":\"3333\"},\"title\":{\"data\":\"2222\"},\"location\":{\"id\":0,\"parent_id\":0,\"main_id\":0,\"identifier_path\":\"\",\"hierarchy\":\"\",\"depth\":0,\"content_type\":\"\",\"content_id\":0,\"language\":\"\",\"author\":0,\"name\":\"\",\"is_hidden\":false,\"is_invisible\":false,\"priority\":0,\"uid\":\"\",\"section\":\"\",\"p\":\"\"}}',0,0),(80,'article',75,1,0,0,'{\"id\":75,\"version\":1,\"published\":1560274650,\"modified\":1560274650,\"cuid\":\"bjvudmli6ekgbp6a2dl0\",\"relations\":{\"list\":null},\"body\":{\"data\":\"\"},\"editors\":{\"data\":\"\"},\"summary\":{\"data\":\"fff\"},\"title\":{\"data\":\"eeee\"},\"location\":{\"id\":0,\"parent_id\":0,\"main_id\":0,\"identifier_path\":\"\",\"hierarchy\":\"\",\"depth\":0,\"content_type\":\"\",\"content_id\":0,\"language\":\"\",\"author\":0,\"name\":\"\",\"is_hidden\":false,\"is_invisible\":false,\"priority\":0,\"uid\":\"\",\"section\":\"\",\"p\":\"\"}}',0,0),(81,'article',76,1,0,0,'{\"id\":76,\"version\":1,\"published\":1560274879,\"modified\":1560274879,\"cuid\":\"bjvuffti6ekgevqi8fdg\",\"relations\":{\"list\":null},\"body\":{\"data\":\"G\"},\"editors\":{\"data\":\"\"},\"summary\":{\"data\":\"GGG\"},\"title\":{\"data\":\"GGGG\"},\"location\":{\"id\":0,\"parent_id\":0,\"main_id\":0,\"identifier_path\":\"\",\"hierarchy\":\"\",\"depth\":0,\"content_type\":\"\",\"content_id\":0,\"language\":\"\",\"author\":0,\"name\":\"\",\"is_hidden\":false,\"is_invisible\":false,\"priority\":0,\"uid\":\"\",\"section\":\"\",\"p\":\"\"}}',0,0),(82,'article',86,1,0,0,'{\"id\":86,\"version\":1,\"published\":1560806726,\"modified\":1560806726,\"cuid\":\"bk40ahi23akkmq0e3l00\",\"relations\":{\"list\":null},\"body\":{\"data\":\"\"},\"editors\":{\"data\":\"\"},\"summary\":{\"data\":\"sdfsfs\"},\"title\":{\"data\":\"Hello world\"},\"location\":{\"id\":0,\"parent_id\":0,\"main_id\":0,\"identifier_path\":\"\",\"hierarchy\":\"\",\"depth\":0,\"content_type\":\"\",\"content_id\":0,\"language\":\"\",\"author\":0,\"name\":\"\",\"is_hidden\":false,\"is_invisible\":false,\"priority\":0,\"uid\":\"\",\"section\":\"\",\"p\":\"\"}}',0,0),(83,'article',87,1,0,0,'{\"id\":87,\"version\":1,\"published\":1560806805,\"modified\":1560806805,\"cuid\":\"bk40b5a23akkmq0e3l10\",\"relations\":{\"list\":null},\"body\":{\"data\":\"dsf\"},\"editors\":{\"data\":\"\"},\"summary\":{\"data\":\"sdfsf\"},\"title\":{\"data\":\"Hello world\"},\"location\":{\"id\":0,\"parent_id\":0,\"main_id\":0,\"identifier_path\":\"\",\"hierarchy\":\"\",\"depth\":0,\"content_type\":\"\",\"content_id\":0,\"language\":\"\",\"author\":0,\"name\":\"\",\"is_hidden\":false,\"is_invisible\":false,\"priority\":0,\"uid\":\"\",\"section\":\"\",\"p\":\"\"}}',0,0),(84,'article',70,26,0,0,'{\"id\":70,\"version\":25,\"published\":1557177071,\"modified\":1557642283,\"cuid\":\"bj8a5rq23akpc5md8b46\",\"relations\":{\"list\":null},\"body\":{\"data\":\"Hello world...\"},\"editors\":{\"data\":\"\"},\"summary\":{\"data\":\"updated3\"},\"title\":{\"data\":\"Good morning2233\"},\"location\":{\"id\":89,\"parent_id\":1,\"main_id\":76,\"identifier_path\":\"\",\"hierarchy\":\"\",\"depth\":0,\"content_type\":\"article\",\"content_id\":70,\"language\":\"\",\"author\":0,\"name\":\"Good morning2233\",\"is_hidden\":false,\"is_invisible\":false,\"priority\":0,\"uid\":\"bj8a5rq23akpc5md8b41\",\"section\":\"public\",\"p\":\"\"}}',0,0),(85,'article',88,1,0,0,'{\"id\":88,\"version\":1,\"published\":1562084715,\"modified\":1562084715,\"cuid\":\"bkdoaqroo3sk76i4crrg\",\"relations\":{\"list\":null},\"body\":{\"data\":\"\\u003c!DOCTYPE html\\u003e\\r\\n\\u003chtml\\u003e\\r\\n\\u003chead\\u003e\\r\\n\\u003c/head\\u003e\\r\\n\\u003cbody\\u003e\\r\\n\\u003cp\\u003eImage:\\u003c/p\\u003e\\r\\n\\u003cp\\u003e\\u0026nbsp;\\u003c/p\\u003e\\r\\n\\u003cp\\u003e\\u003cimg src=\\\"https://images.pexels.com/photos/414612/pexels-photo-414612.jpeg?auto=compress\\u0026amp;cs=tinysrgb\\u0026amp;dpr=1\\u0026amp;w=500\\\" alt=\\\"\\\" width=\\\"500\\\" height=\\\"355\\\" /\\u003e\\u003c/p\\u003e\\r\\n\\u003c/body\\u003e\\r\\n\\u003c/html\\u003e\"},\"editors\":{\"data\":\"\"},\"summary\":{\"data\":\"\\u003c!DOCTYPE html\\u003e\\r\\n\\u003chtml\\u003e\\r\\n\\u003chead\\u003e\\r\\n\\u003c/head\\u003e\\r\\n\\u003cbody\\u003e\\r\\n\\u003cp\\u003efdasfasff\\u003c/p\\u003e\\r\\n\\u003cp\\u003e\\\\fadf\\u003c/p\\u003e\\r\\n\\u003cp\\u003eas\\u003c/p\\u003e\\r\\n\\u003cp\\u003efdasdf\\u003c/p\\u003e\\r\\n\\u003c/body\\u003e\\r\\n\\u003c/html\\u003e\"},\"title\":{\"data\":\"Online editor example\"},\"location\":{\"id\":0,\"parent_id\":0,\"main_id\":0,\"identifier_path\":\"\",\"hierarchy\":\"\",\"depth\":0,\"content_type\":\"\",\"content_id\":0,\"language\":\"\",\"author\":0,\"name\":\"\",\"is_hidden\":false,\"is_invisible\":false,\"priority\":0,\"uid\":\"\",\"section\":\"\",\"p\":\"\"}}',0,0),(86,'article',88,2,0,0,'{\"id\":88,\"version\":1,\"published\":1562084715,\"modified\":1562084715,\"cuid\":\"bkdoaqroo3sk76i4crrg\",\"relations\":{\"list\":null},\"body\":{\"data\":\"\\u003c!DOCTYPE html\\u003e\\r\\n\\u003chtml\\u003e\\r\\n\\u003chead\\u003e\\r\\n\\u003c/head\\u003e\\r\\n\\u003cbody\\u003e\\r\\n\\u003cp\\u003eImage:\\u003c/p\\u003e\\r\\n\\u003cp\\u003e\\u0026nbsp;\\u003c/p\\u003e\\r\\n\\u003cp\\u003e\\u003cimg src=\\\"https://images.pexels.com/photos/414612/pexels-photo-414612.jpeg?auto=compress\\u0026amp;cs=tinysrgb\\u0026amp;dpr=1\\u0026amp;w=500\\\" alt=\\\"\\\" width=\\\"500\\\" height=\\\"355\\\" /\\u003e\\u003c/p\\u003e\\r\\n\\u003cp\\u003e\\u0026nbsp;\\u003c/p\\u003e\\r\\n\\u003cp\\u003eTable:\\u003c/p\\u003e\\r\\n\\u003ctable style=\\\"border-collapse: collapse; width: 100%;\\\" border=\\\"1\\\"\\u003e\\r\\n\\u003ctbody\\u003e\\r\\n\\u003ctr\\u003e\\r\\n\\u003ctd style=\\\"width: 20%;\\\"\\u003eHEAD1\\u003c/td\\u003e\\r\\n\\u003ctd style=\\\"width: 20%;\\\"\\u003eHEAD2\\u003c/td\\u003e\\r\\n\\u003ctd style=\\\"width: 20%;\\\"\\u003eHEAD3\\u003c/td\\u003e\\r\\n\\u003c/tr\\u003e\\r\\n\\u003ctr\\u003e\\r\\n\\u003ctd style=\\\"width: 20%;\\\"\\u003eddd\\u003c/td\\u003e\\r\\n\\u003ctd style=\\\"width: 20%;\\\"\\u003eddeff\\u003c/td\\u003e\\r\\n\\u003ctd style=\\\"width: 20%;\\\"\\u003esdfddsf\\u003c/td\\u003e\\r\\n\\u003c/tr\\u003e\\r\\n\\u003ctr\\u003e\\r\\n\\u003ctd style=\\\"width: 20%;\\\"\\u003e2312313\\u003c/td\\u003e\\r\\n\\u003ctd style=\\\"width: 20%;\\\"\\u003e131232131\\u003c/td\\u003e\\r\\n\\u003ctd style=\\\"width: 20%;\\\"\\u003e132123\\u003c/td\\u003e\\r\\n\\u003c/tr\\u003e\\r\\n\\u003c/tbody\\u003e\\r\\n\\u003c/table\\u003e\\r\\n\\u003cp\\u003e\\u0026nbsp;\\u003c/p\\u003e\\r\\n\\u003c/body\\u003e\\r\\n\\u003c/html\\u003e\"},\"editors\":{\"data\":\"\"},\"summary\":{\"data\":\"\\u003c!DOCTYPE html\\u003e\\r\\n\\u003chtml\\u003e\\r\\n\\u003chead\\u003e\\r\\n\\u003c/head\\u003e\\r\\n\\u003cbody\\u003e\\r\\n\\u003cp\\u003efdasfasff\\u003c/p\\u003e\\r\\n\\u003cp\\u003e\\\\fadf\\u003c/p\\u003e\\r\\n\\u003cp\\u003eas\\u003c/p\\u003e\\r\\n\\u003cp\\u003efdasdf\\u003c/p\\u003e\\r\\n\\u003c/body\\u003e\\r\\n\\u003c/html\\u003e\"},\"title\":{\"data\":\"Online editor example\"},\"location\":{\"id\":118,\"parent_id\":57,\"main_id\":118,\"identifier_path\":\"news/online-editor-example\",\"hierarchy\":\"1/55/57/118\",\"depth\":4,\"content_type\":\"article\",\"content_id\":88,\"language\":\"\",\"author\":0,\"name\":\"Online editor example\",\"is_hidden\":false,\"is_invisible\":false,\"priority\":0,\"uid\":\"bkdoaqroo3sk76i4crs0\",\"section\":\"public\",\"p\":\"\"}}',0,0),(87,'article',88,3,0,0,'{\"id\":88,\"version\":2,\"published\":1562084715,\"modified\":1562092484,\"cuid\":\"bkdoaqroo3sk76i4crrg\",\"relations\":{\"list\":null},\"body\":{\"data\":\"\\u003c!DOCTYPE html\\u003e\\r\\n\\u003chtml\\u003e\\r\\n\\u003chead\\u003e\\r\\n\\u003c/head\\u003e\\r\\n\\u003cbody\\u003e\\r\\n\\u003cp\\u003eImage:\\u003c/p\\u003e\\r\\n\\u003cp\\u003e\\u0026nbsp;\\u003c/p\\u003e\\r\\n\\u003cp\\u003e\\u003cimg src=\\\"https://images.pexels.com/photos/414612/pexels-photo-414612.jpeg?auto=compress\\u0026amp;cs=tinysrgb\\u0026amp;dpr=1\\u0026amp;w=500\\\" alt=\\\"\\\" width=\\\"500\\\" height=\\\"355\\\" /\\u003e\\u003c/p\\u003e\\r\\n\\u003cul\\u003e\\r\\n\\u003cli\\u003esfads\\u003c/li\\u003e\\r\\n\\u003cli\\u003efa\\u003c/li\\u003e\\r\\n\\u003cli\\u003effadd\\u003c/li\\u003e\\r\\n\\u003cli\\u003eafd\\u003c/li\\u003e\\r\\n\\u003c/ul\\u003e\\r\\n\\u003cp\\u003e\\u0026nbsp;\\u003c/p\\u003e\\r\\n\\u003cp\\u003e\\u003cspan style=\\\"color: #e67e23;\\\"\\u003efdsafaf\\u003c/span\\u003e\\u003c/p\\u003e\\r\\n\\u003cp\\u003e\\u0026nbsp;\\u003c/p\\u003e\\r\\n\\u003cp\\u003ef\\u003cspan style=\\\"background-color: #18a085;\\\"\\u003eadsf\\u003c/span\\u003e\\u003c/p\\u003e\\r\\n\\u003cp\\u003e\\u0026nbsp;\\u003c/p\\u003e\\r\\n\\u003cp\\u003eTable:\\u003c/p\\u003e\\r\\n\\u003ctable style=\\\"border-collapse: collapse; width: 100%; height: 71px;\\\" border=\\\"1\\\"\\u003e\\r\\n\\u003ctbody\\u003e\\r\\n\\u003ctr style=\\\"height: 29px;\\\"\\u003e\\r\\n\\u003ctd style=\\\"width: 20%; height: 29px;\\\"\\u003eHEAD1\\u003c/td\\u003e\\r\\n\\u003ctd style=\\\"width: 20%; height: 29px;\\\"\\u003eHEAD2\\u003c/td\\u003e\\r\\n\\u003ctd style=\\\"width: 20%; height: 29px;\\\"\\u003eHEAD3\\u003c/td\\u003e\\r\\n\\u003c/tr\\u003e\\r\\n\\u003ctr style=\\\"height: 21px;\\\"\\u003e\\r\\n\\u003ctd style=\\\"width: 20%; height: 21px;\\\"\\u003eddd\\u003c/td\\u003e\\r\\n\\u003ctd style=\\\"width: 20%; height: 21px;\\\"\\u003eddeff\\u003c/td\\u003e\\r\\n\\u003ctd style=\\\"width: 20%; height: 21px;\\\"\\u003esdfddsf\\u003c/td\\u003e\\r\\n\\u003c/tr\\u003e\\r\\n\\u003ctr style=\\\"height: 21px;\\\"\\u003e\\r\\n\\u003ctd style=\\\"width: 20%; height: 21px;\\\"\\u003e2312313\\u003c/td\\u003e\\r\\n\\u003ctd style=\\\"width: 20%; height: 21px;\\\"\\u003e131232131\\u003c/td\\u003e\\r\\n\\u003ctd style=\\\"width: 20%; height: 21px;\\\"\\u003e132123\\u003c/td\\u003e\\r\\n\\u003c/tr\\u003e\\r\\n\\u003c/tbody\\u003e\\r\\n\\u003c/table\\u003e\\r\\n\\u003cp\\u003e\\u0026nbsp;\\u003c/p\\u003e\\r\\n\\u003c/body\\u003e\\r\\n\\u003c/html\\u003e\"},\"editors\":{\"data\":\"\"},\"summary\":{\"data\":\"\\u003c!DOCTYPE html\\u003e\\r\\n\\u003chtml\\u003e\\r\\n\\u003chead\\u003e\\r\\n\\u003c/head\\u003e\\r\\n\\u003cbody\\u003e\\r\\n\\u003cp\\u003efdasfasff\\u003c/p\\u003e\\r\\n\\u003cp\\u003e\\\\fadf\\u003c/p\\u003e\\r\\n\\u003cp\\u003eas\\u003c/p\\u003e\\r\\n\\u003cp\\u003efdasdf\\u003c/p\\u003e\\r\\n\\u003c/body\\u003e\\r\\n\\u003c/html\\u003e\"},\"title\":{\"data\":\"Online editor example\"},\"location\":{\"id\":118,\"parent_id\":57,\"main_id\":118,\"identifier_path\":\"news/online-editor-example\",\"hierarchy\":\"1/55/57/118\",\"depth\":4,\"content_type\":\"article\",\"content_id\":88,\"language\":\"\",\"author\":0,\"name\":\"Online editor example\",\"is_hidden\":false,\"is_invisible\":false,\"priority\":0,\"uid\":\"bkdoaqroo3sk76i4crs0\",\"section\":\"public\",\"p\":\"\"}}',0,0),(88,'article',88,4,0,0,'{\"id\":88,\"version\":3,\"published\":1562084715,\"modified\":1562092743,\"cuid\":\"bkdoaqroo3sk76i4crrg\",\"relations\":{\"list\":null},\"body\":{\"data\":\"\\u003c!DOCTYPE html\\u003e\\r\\n\\u003chtml\\u003e\\r\\n\\u003chead\\u003e\\r\\n\\u003c/head\\u003e\\r\\n\\u003cbody\\u003e\\r\\n\\u003cp\\u003eImage:\\u003c/p\\u003e\\r\\n\\u003cp\\u003e\\u0026nbsp;\\u003c/p\\u003e\\r\\n\\u003cp\\u003e\\u003cimg src=\\\"https://images.pexels.com/photos/414612/pexels-photo-414612.jpeg?auto=compress\\u0026amp;cs=tinysrgb\\u0026amp;dpr=1\\u0026amp;w=500\\\" alt=\\\"\\\" width=\\\"500\\\" height=\\\"355\\\" /\\u003e\\u003c/p\\u003e\\r\\n\\u003cul\\u003e\\r\\n\\u003cli\\u003esfads\\u003c/li\\u003e\\r\\n\\u003cli\\u003efa\\u003c/li\\u003e\\r\\n\\u003cli\\u003effadd\\u003c/li\\u003e\\r\\n\\u003cli\\u003eafd\\u003c/li\\u003e\\r\\n\\u003c/ul\\u003e\\r\\n\\u003cp\\u003e\\u003ca href=\\\"https://www.google.com\\\" target=\\\"_blank\\\" rel=\\\"noopener\\\"\\u003egoogle.com\\u003c/a\\u003e\\u003c/p\\u003e\\r\\n\\u003cp\\u003e\\u003cspan style=\\\"color: #e67e23;\\\"\\u003efdsafaf\\u003c/span\\u003e\\u003c/p\\u003e\\r\\n\\u003cp\\u003e\\u0026nbsp;\\u003c/p\\u003e\\r\\n\\u003cp\\u003ef\\u003cspan style=\\\"background-color: #18a085;\\\"\\u003eadsf\\u003c/span\\u003e\\u003c/p\\u003e\\r\\n\\u003cp\\u003e\\u0026nbsp;\\u003c/p\\u003e\\r\\n\\u003cp\\u003eTable:\\u003c/p\\u003e\\r\\n\\u003ctable style=\\\"border-collapse: collapse; width: 100%; height: 71px;\\\" border=\\\"1\\\"\\u003e\\r\\n\\u003ctbody\\u003e\\r\\n\\u003ctr style=\\\"height: 29px;\\\"\\u003e\\r\\n\\u003ctd style=\\\"width: 20%; height: 29px;\\\"\\u003eHEAD1\\u003c/td\\u003e\\r\\n\\u003ctd style=\\\"width: 20%; height: 29px;\\\"\\u003eHEAD2\\u003c/td\\u003e\\r\\n\\u003ctd style=\\\"width: 20%; height: 29px;\\\"\\u003eHEAD3\\u003c/td\\u003e\\r\\n\\u003c/tr\\u003e\\r\\n\\u003ctr style=\\\"height: 21px;\\\"\\u003e\\r\\n\\u003ctd style=\\\"width: 20%; height: 21px;\\\"\\u003eddd\\u003c/td\\u003e\\r\\n\\u003ctd style=\\\"width: 20%; height: 21px;\\\"\\u003eddeff\\u003c/td\\u003e\\r\\n\\u003ctd style=\\\"width: 20%; height: 21px;\\\"\\u003esdfddsf\\u003c/td\\u003e\\r\\n\\u003c/tr\\u003e\\r\\n\\u003ctr style=\\\"height: 21px;\\\"\\u003e\\r\\n\\u003ctd style=\\\"width: 20%; height: 21px;\\\"\\u003e2312313\\u003c/td\\u003e\\r\\n\\u003ctd style=\\\"width: 20%; height: 21px;\\\"\\u003e131232131\\u003c/td\\u003e\\r\\n\\u003ctd style=\\\"width: 20%; height: 21px;\\\"\\u003e132123\\u003c/td\\u003e\\r\\n\\u003c/tr\\u003e\\r\\n\\u003c/tbody\\u003e\\r\\n\\u003c/table\\u003e\\r\\n\\u003cp\\u003e\\u0026nbsp;\\u003c/p\\u003e\\r\\n\\u003c/body\\u003e\\r\\n\\u003c/html\\u003e\"},\"editors\":{\"data\":\"\"},\"summary\":{\"data\":\"\\u003c!DOCTYPE html\\u003e\\r\\n\\u003chtml\\u003e\\r\\n\\u003chead\\u003e\\r\\n\\u003c/head\\u003e\\r\\n\\u003cbody\\u003e\\r\\n\\u003cp\\u003efdasfasff\\u003c/p\\u003e\\r\\n\\u003cp\\u003e\\\\fadf\\u003c/p\\u003e\\r\\n\\u003cp\\u003eas\\u003c/p\\u003e\\r\\n\\u003cp\\u003efdasdf\\u003c/p\\u003e\\r\\n\\u003c/body\\u003e\\r\\n\\u003c/html\\u003e\"},\"title\":{\"data\":\"Online editor example\"},\"location\":{\"id\":118,\"parent_id\":57,\"main_id\":118,\"identifier_path\":\"news/online-editor-example\",\"hierarchy\":\"1/55/57/118\",\"depth\":4,\"content_type\":\"article\",\"content_id\":88,\"language\":\"\",\"author\":0,\"name\":\"Online editor example\",\"is_hidden\":false,\"is_invisible\":false,\"priority\":0,\"uid\":\"bkdoaqroo3sk76i4crs0\",\"section\":\"public\",\"p\":\"\"}}',0,0),(89,'article',88,5,0,0,'{\"id\":88,\"version\":4,\"published\":1562084715,\"modified\":1562092799,\"cuid\":\"bkdoaqroo3sk76i4crrg\",\"relations\":{\"list\":null},\"body\":{\"data\":\"\\u003c!DOCTYPE html\\u003e\\r\\n\\u003chtml\\u003e\\r\\n\\u003chead\\u003e\\r\\n\\u003c/head\\u003e\\r\\n\\u003cbody\\u003e\\r\\n\\u003cp\\u003eImage:\\u003c/p\\u003e\\r\\n\\u003cp\\u003e\\u0026nbsp;\\u003c/p\\u003e\\r\\n\\u003cp\\u003e\\u003cimg src=\\\"https://images.pexels.com/photos/414612/pexels-photo-414612.jpeg?auto=compress\\u0026amp;cs=tinysrgb\\u0026amp;dpr=1\\u0026amp;w=500\\\" alt=\\\"\\\" width=\\\"500\\\" height=\\\"355\\\" /\\u003e\\u003c/p\\u003e\\r\\n\\u003cul\\u003e\\r\\n\\u003cli\\u003esfads\\u003c/li\\u003e\\r\\n\\u003cli\\u003efa\\u003c/li\\u003e\\r\\n\\u003cli\\u003effadd\\u003c/li\\u003e\\r\\n\\u003cli\\u003eafd\\u003c/li\\u003e\\r\\n\\u003c/ul\\u003e\\r\\n\\u003cp\\u003e\\u003ca href=\\\"https://www.google.com\\\" target=\\\"_blank\\\" rel=\\\"noopener\\\"\\u003egoogle.com\\u003c/a\\u003e\\u003c/p\\u003e\\r\\n\\u003cp\\u003e\\u003cspan style=\\\"color: #e67e23;\\\"\\u003efdsafaf\\u003c/span\\u003e\\u003c/p\\u003e\\r\\n\\u003cp\\u003eVideo:\\u003c/p\\u003e\\r\\n\\u003cp\\u003e\\u003ciframe src=\\\"//www.youtube.com/embed/5Rui4xG5Nr0\\\" width=\\\"560\\\" height=\\\"315\\\" frameborder=\\\"0\\\" allowfullscreen=\\\"allowfullscreen\\\"\\u003e\\u003c/iframe\\u003e\\u003c/p\\u003e\\r\\n\\u003cp\\u003e\\u0026nbsp;\\u003c/p\\u003e\\r\\n\\u003cp\\u003ef\\u003cspan style=\\\"background-color: #18a085;\\\"\\u003eadsf\\u003c/span\\u003e\\u003c/p\\u003e\\r\\n\\u003cp\\u003e\\u0026nbsp;\\u003c/p\\u003e\\r\\n\\u003cp\\u003eTable:\\u003c/p\\u003e\\r\\n\\u003ctable style=\\\"border-collapse: collapse; width: 100%; height: 71px;\\\" border=\\\"1\\\"\\u003e\\r\\n\\u003ctbody\\u003e\\r\\n\\u003ctr style=\\\"height: 29px;\\\"\\u003e\\r\\n\\u003ctd style=\\\"width: 20%; height: 29px;\\\"\\u003eHEAD1\\u003c/td\\u003e\\r\\n\\u003ctd style=\\\"width: 20%; height: 29px;\\\"\\u003eHEAD2\\u003c/td\\u003e\\r\\n\\u003ctd style=\\\"width: 20%; height: 29px;\\\"\\u003eHEAD3\\u003c/td\\u003e\\r\\n\\u003c/tr\\u003e\\r\\n\\u003ctr style=\\\"height: 21px;\\\"\\u003e\\r\\n\\u003ctd style=\\\"width: 20%; height: 21px;\\\"\\u003eddd\\u003c/td\\u003e\\r\\n\\u003ctd style=\\\"width: 20%; height: 21px;\\\"\\u003eddeff\\u003c/td\\u003e\\r\\n\\u003ctd style=\\\"width: 20%; height: 21px;\\\"\\u003esdfddsf\\u003c/td\\u003e\\r\\n\\u003c/tr\\u003e\\r\\n\\u003ctr style=\\\"height: 21px;\\\"\\u003e\\r\\n\\u003ctd style=\\\"width: 20%; height: 21px;\\\"\\u003e2312313\\u003c/td\\u003e\\r\\n\\u003ctd style=\\\"width: 20%; height: 21px;\\\"\\u003e131232131\\u003c/td\\u003e\\r\\n\\u003ctd style=\\\"width: 20%; height: 21px;\\\"\\u003e132123\\u003c/td\\u003e\\r\\n\\u003c/tr\\u003e\\r\\n\\u003c/tbody\\u003e\\r\\n\\u003c/table\\u003e\\r\\n\\u003cp\\u003e\\u0026nbsp;\\u003c/p\\u003e\\r\\n\\u003c/body\\u003e\\r\\n\\u003c/html\\u003e\"},\"editors\":{\"data\":\"\"},\"summary\":{\"data\":\"\\u003c!DOCTYPE html\\u003e\\r\\n\\u003chtml\\u003e\\r\\n\\u003chead\\u003e\\r\\n\\u003c/head\\u003e\\r\\n\\u003cbody\\u003e\\r\\n\\u003cp\\u003efdasfasff\\u003c/p\\u003e\\r\\n\\u003cp\\u003e\\\\fadf\\u003c/p\\u003e\\r\\n\\u003cp\\u003eas\\u003c/p\\u003e\\r\\n\\u003cp\\u003efdasdf\\u003c/p\\u003e\\r\\n\\u003c/body\\u003e\\r\\n\\u003c/html\\u003e\"},\"title\":{\"data\":\"Online editor example\"},\"location\":{\"id\":118,\"parent_id\":57,\"main_id\":118,\"identifier_path\":\"news/online-editor-example\",\"hierarchy\":\"1/55/57/118\",\"depth\":4,\"content_type\":\"article\",\"content_id\":88,\"language\":\"\",\"author\":0,\"name\":\"Online editor example\",\"is_hidden\":false,\"is_invisible\":false,\"priority\":0,\"uid\":\"bkdoaqroo3sk76i4crs0\",\"section\":\"public\",\"p\":\"\"}}',0,0);
/*!40000 ALTER TABLE `dm_version` ENABLE KEYS */;
UNLOCK TABLES;
/*!40103 SET TIME_ZONE=@OLD_TIME_ZONE */;

/*!40101 SET SQL_MODE=@OLD_SQL_MODE */;
/*!40014 SET FOREIGN_KEY_CHECKS=@OLD_FOREIGN_KEY_CHECKS */;
/*!40014 SET UNIQUE_CHECKS=@OLD_UNIQUE_CHECKS */;
/*!40101 SET CHARACTER_SET_CLIENT=@OLD_CHARACTER_SET_CLIENT */;
/*!40101 SET CHARACTER_SET_RESULTS=@OLD_CHARACTER_SET_RESULTS */;
/*!40101 SET COLLATION_CONNECTION=@OLD_COLLATION_CONNECTION */;
/*!40111 SET SQL_NOTES=@OLD_SQL_NOTES */;

-- Dump completed on 2019-08-10 13:32:32
